data,subject,clip,label,onset_frame,apex_frame,offset_frame,onset_frame_path,apex_frame_path,offset_frame_path,data_sub
smic,20,s20_ne_01,0,17581039,17581046,17581055,smic/HS_long/SMIC_HS_E/s20/s20_ne_01/image17581039.jpg,smic/HS_long/SMIC_HS_E/s20/s20_ne_01/image17581046.jpg,smic/HS_long/SMIC_HS_E/s20/s20_ne_01/image17581055.jpg,smic_20
smic,20,s20_ne_02,0,17581713,17581729,17581744,smic/HS_long/SMIC_HS_E/s20/s20_ne_02/image17581713.jpg,smic/HS_long/SMIC_HS_E/s20/s20_ne_02/image17581729.jpg,smic/HS_long/SMIC_HS_E/s20/s20_ne_02/image17581744.jpg,smic_20
smic,20,s20_ne_03,0,17625391,17625409,17625424,smic/HS_long/SMIC_HS_E/s20/s20_ne_03/image17625391.jpg,smic/HS_long/SMIC_HS_E/s20/s20_ne_03/image17625409.jpg,smic/HS_long/SMIC_HS_E/s20/s20_ne_03/image17625424.jpg,smic_20
smic,20,s20_ne_04,0,17651135,17651146,17651157,smic/HS_long/SMIC_HS_E/s20/s20_ne_04/image17651135.jpg,smic/HS_long/SMIC_HS_E/s20/s20_ne_04/image17651146.jpg,smic/HS_long/SMIC_HS_E/s20/s20_ne_04/image17651157.jpg,smic_20
smic,20,s20_ne_05,0,17664393,17664408,17664423,smic/HS_long/SMIC_HS_E/s20/s20_ne_05/image17664393.jpg,smic/HS_long/SMIC_HS_E/s20/s20_ne_05/image17664408.jpg,smic/HS_long/SMIC_HS_E/s20/s20_ne_05/image17664423.jpg,smic_20
smic,20,s20_ne_06,0,17668815,17668824,17668835,smic/HS_long/SMIC_HS_E/s20/s20_ne_06/image17668815.jpg,smic/HS_long/SMIC_HS_E/s20/s20_ne_06/image17668824.jpg,smic/HS_long/SMIC_HS_E/s20/s20_ne_06/image17668835.jpg,smic_20
smic,20,s20_ne_07,0,17668953,17668965,17668969,smic/HS_long/SMIC_HS_E/s20/s20_ne_07/image17668953.jpg,smic/HS_long/SMIC_HS_E/s20/s20_ne_07/image17668965.jpg,smic/HS_long/SMIC_HS_E/s20/s20_ne_07/image17668969.jpg,smic_20
smic,20,s20_ne_08,0,17670640,17670656,17670684,smic/HS_long/SMIC_HS_E/s20/s20_ne_08/image17670640.jpg,smic/HS_long/SMIC_HS_E/s20/s20_ne_08/image17670656.jpg,smic/HS_long/SMIC_HS_E/s20/s20_ne_08/image17670684.jpg,smic_20
smic,20,s20_ne_09,0,17678517,17678539,17678552,smic/HS_long/SMIC_HS_E/s20/s20_ne_09/image17678517.jpg,smic/HS_long/SMIC_HS_E/s20/s20_ne_09/image17678539.jpg,smic/HS_long/SMIC_HS_E/s20/s20_ne_09/image17678552.jpg,smic_20
smic,20,s20_ne_10,0,17707991,17708007,17708009,smic/HS_long/SMIC_HS_E/s20/s20_ne_10/image17707991.jpg,smic/HS_long/SMIC_HS_E/s20/s20_ne_10/image17708007.jpg,smic/HS_long/SMIC_HS_E/s20/s20_ne_10/image17708009.jpg,smic_20
smic,20,s20_ne_11,0,17841447,17841465,17841478,smic/HS_long/SMIC_HS_E/s20/s20_ne_11/image17841447.jpg,smic/HS_long/SMIC_HS_E/s20/s20_ne_11/image17841465.jpg,smic/HS_long/SMIC_HS_E/s20/s20_ne_11/image17841478.jpg,smic_20
smic,20,s20_ne_12,0,17832772,17832794,17832809,smic/HS_long/SMIC_HS_E/s20/s20_ne_12/image17832772.jpg,smic/HS_long/SMIC_HS_E/s20/s20_ne_12/image17832794.jpg,smic/HS_long/SMIC_HS_E/s20/s20_ne_12/image17832809.jpg,smic_20
smic,20,s20_ne_13,0,17835887,17835907,17835924,smic/HS_long/SMIC_HS_E/s20/s20_ne_13/image17835887.jpg,smic/HS_long/SMIC_HS_E/s20/s20_ne_13/image17835907.jpg,smic/HS_long/SMIC_HS_E/s20/s20_ne_13/image17835924.jpg,smic_20
smic,20,s20_ne_14,0,17837691,17837725,17837740,smic/HS_long/SMIC_HS_E/s20/s20_ne_14/image17837691.jpg,smic/HS_long/SMIC_HS_E/s20/s20_ne_14/image17837725.jpg,smic/HS_long/SMIC_HS_E/s20/s20_ne_14/image17837740.jpg,smic_20
smic,20,s20_po_01,1,17598752,17598783,17598798,smic/HS_long/SMIC_HS_E/s20/s20_po_01/image17598752.jpg,smic/HS_long/SMIC_HS_E/s20/s20_po_01/image17598783.jpg,smic/HS_long/SMIC_HS_E/s20/s20_po_01/image17598798.jpg,smic_20
smic,20,s20_po_02,1,17646868,17646888,17646910,smic/HS_long/SMIC_HS_E/s20/s20_po_02/image17646868.jpg,smic/HS_long/SMIC_HS_E/s20/s20_po_02/image17646888.jpg,smic/HS_long/SMIC_HS_E/s20/s20_po_02/image17646910.jpg,smic_20
smic,20,s20_po_03,1,17748546,17748569,17748570,smic/HS_long/SMIC_HS_E/s20/s20_po_03/image17748546.jpg,smic/HS_long/SMIC_HS_E/s20/s20_po_03/image17748569.jpg,smic/HS_long/SMIC_HS_E/s20/s20_po_03/image17748570.jpg,smic_20
smic,20,s20_sur_01,2,17597115,17597132,17597152,smic/HS_long/SMIC_HS_E/s20/s20_sur_01/image17597115.jpg,smic/HS_long/SMIC_HS_E/s20/s20_sur_01/image17597132.jpg,smic/HS_long/SMIC_HS_E/s20/s20_sur_01/image17597152.jpg,smic_20
smic,20,s20_sur_02,2,17692849,17692864,17692870,smic/HS_long/SMIC_HS_E/s20/s20_sur_02/image17692849.jpg,smic/HS_long/SMIC_HS_E/s20/s20_sur_02/image17692864.jpg,smic/HS_long/SMIC_HS_E/s20/s20_sur_02/image17692870.jpg,smic_20
smic,20,s20_sur_03,2,17761454,17761479,17761502,smic/HS_long/SMIC_HS_E/s20/s20_sur_03/image17761454.jpg,smic/HS_long/SMIC_HS_E/s20/s20_sur_03/image17761479.jpg,smic/HS_long/SMIC_HS_E/s20/s20_sur_03/image17761502.jpg,smic_20
smic,20,s20_sur_04,2,17763111,17763134,17763151,smic/HS_long/SMIC_HS_E/s20/s20_sur_04/image17763111.jpg,smic/HS_long/SMIC_HS_E/s20/s20_sur_04/image17763134.jpg,smic/HS_long/SMIC_HS_E/s20/s20_sur_04/image17763151.jpg,smic_20
smic,20,s20_sur_05,2,17771577,17771588,17771600,smic/HS_long/SMIC_HS_E/s20/s20_sur_05/image17771577.jpg,smic/HS_long/SMIC_HS_E/s20/s20_sur_05/image17771588.jpg,smic/HS_long/SMIC_HS_E/s20/s20_sur_05/image17771600.jpg,smic_20
smic,14,s14_ne_01,0,34208,34238,34258,smic/HS_long/SMIC_HS_E/s14/s14_ne_01/image034208.jpg,smic/HS_long/SMIC_HS_E/s14/s14_ne_01/image034238.jpg,smic/HS_long/SMIC_HS_E/s14/s14_ne_01/image034258.jpg,smic_14
smic,14,s14_ne_02,0,37634,37653,37671,smic/HS_long/SMIC_HS_E/s14/s14_ne_02/image037634.jpg,smic/HS_long/SMIC_HS_E/s14/s14_ne_02/image037653.jpg,smic/HS_long/SMIC_HS_E/s14/s14_ne_02/image037671.jpg,smic_14
smic,14,s14_ne_03,0,199541,199570,199598,smic/HS_long/SMIC_HS_E/s14/s14_ne_03/image199541.jpg,smic/HS_long/SMIC_HS_E/s14/s14_ne_03/image199570.jpg,smic/HS_long/SMIC_HS_E/s14/s14_ne_03/image199598.jpg,smic_14
smic,14,s14_po_01,1,212541,212569,212590,smic/HS_long/SMIC_HS_E/s14/s14_po_01/image212541.jpg,smic/HS_long/SMIC_HS_E/s14/s14_po_01/image212569.jpg,smic/HS_long/SMIC_HS_E/s14/s14_po_01/image212590.jpg,smic_14
smic,14,s14_po_02,1,285183,285214,285231,smic/HS_long/SMIC_HS_E/s14/s14_po_02/image285183.jpg,smic/HS_long/SMIC_HS_E/s14/s14_po_02/image285214.jpg,smic/HS_long/SMIC_HS_E/s14/s14_po_02/image285231.jpg,smic_14
smic,14,s14_sur_01,2,81902,81923,81939,smic/HS_long/SMIC_HS_E/s14/s14_sur_01/image081902.jpg,smic/HS_long/SMIC_HS_E/s14/s14_sur_01/image081923.jpg,smic/HS_long/SMIC_HS_E/s14/s14_sur_01/image081939.jpg,smic_14
smic,14,s14_sur_02,2,86607,86623,86642,smic/HS_long/SMIC_HS_E/s14/s14_sur_02/image086607.jpg,smic/HS_long/SMIC_HS_E/s14/s14_sur_02/image086623.jpg,smic/HS_long/SMIC_HS_E/s14/s14_sur_02/image086642.jpg,smic_14
smic,14,s14_sur_03,2,106337,106348,106375,smic/HS_long/SMIC_HS_E/s14/s14_sur_03/image106337.jpg,smic/HS_long/SMIC_HS_E/s14/s14_sur_03/image106348.jpg,smic/HS_long/SMIC_HS_E/s14/s14_sur_03/image106375.jpg,smic_14
smic,14,s14_sur_04,2,233391,233414,233435,smic/HS_long/SMIC_HS_E/s14/s14_sur_04/image233391.jpg,smic/HS_long/SMIC_HS_E/s14/s14_sur_04/image233414.jpg,smic/HS_long/SMIC_HS_E/s14/s14_sur_04/image233435.jpg,smic_14
smic,14,s14_sur_05,2,278976,278995,279016,smic/HS_long/SMIC_HS_E/s14/s14_sur_05/image278976.jpg,smic/HS_long/SMIC_HS_E/s14/s14_sur_05/image278995.jpg,smic/HS_long/SMIC_HS_E/s14/s14_sur_05/image279016.jpg,smic_14
smic,18,s18_ne_01,0,1644341,1644374,1644379,smic/HS_long/SMIC_HS_E/s18/s18_ne_01/image1644341.jpg,smic/HS_long/SMIC_HS_E/s18/s18_ne_01/image1644374.jpg,smic/HS_long/SMIC_HS_E/s18/s18_ne_01/image1644379.jpg,smic_18
smic,18,s18_ne_02,0,1760613,1760640,1760658,smic/HS_long/SMIC_HS_E/s18/s18_ne_02/image1760613.jpg,smic/HS_long/SMIC_HS_E/s18/s18_ne_02/image1760640.jpg,smic/HS_long/SMIC_HS_E/s18/s18_ne_02/image1760658.jpg,smic_18
smic,18,s18_sur_01,2,1642685,1642698,1642721,smic/HS_long/SMIC_HS_E/s18/s18_sur_01/image1642685.jpg,smic/HS_long/SMIC_HS_E/s18/s18_sur_01/image1642698.jpg,smic/HS_long/SMIC_HS_E/s18/s18_sur_01/image1642721.jpg,smic_18
smic,18,s18_sur_02,2,1692902,1692917,1692933,smic/HS_long/SMIC_HS_E/s18/s18_sur_02/image1692902.jpg,smic/HS_long/SMIC_HS_E/s18/s18_sur_02/image1692917.jpg,smic/HS_long/SMIC_HS_E/s18/s18_sur_02/image1692933.jpg,smic_18
smic,18,s18_sur_03,0,1695782,1695793,1695809,smic/HS_long/SMIC_HS_E/s18/s18_sur_03/image1695782.jpg,smic/HS_long/SMIC_HS_E/s18/s18_sur_03/image1695793.jpg,smic/HS_long/SMIC_HS_E/s18/s18_sur_03/image1695809.jpg,smic_18
smic,18,s18_sur_04,2,1712971,1712989,1713006,smic/HS_long/SMIC_HS_E/s18/s18_sur_04/image1712971.jpg,smic/HS_long/SMIC_HS_E/s18/s18_sur_04/image1712989.jpg,smic/HS_long/SMIC_HS_E/s18/s18_sur_04/image1713006.jpg,smic_18
smic,18,s18_sur_05,2,1859405,1859422,1859444,smic/HS_long/SMIC_HS_E/s18/s18_sur_05/image1859405.jpg,smic/HS_long/SMIC_HS_E/s18/s18_sur_05/image1859422.jpg,smic/HS_long/SMIC_HS_E/s18/s18_sur_05/image1859444.jpg,smic_18
smic,19,s19_po_01,1,32615570,32615592,32615604,smic/HS_long/SMIC_HS_E/s19/s19_po_01/image32615570.jpg,smic/HS_long/SMIC_HS_E/s19/s19_po_01/image32615592.jpg,smic/HS_long/SMIC_HS_E/s19/s19_po_01/image32615604.jpg,smic_19
smic,19,s19_sur_01,2,32483855,32483872,32483904,smic/HS_long/SMIC_HS_E/s19/s19_sur_01/image32483855.jpg,smic/HS_long/SMIC_HS_E/s19/s19_sur_01/image32483872.jpg,smic/HS_long/SMIC_HS_E/s19/s19_sur_01/image32483904.jpg,smic_19
smic,13,s13_po_01,1,90884,90904,90929,smic/HS_long/SMIC_HS_E/s13/s13_po_01/image090884.jpg,smic/HS_long/SMIC_HS_E/s13/s13_po_01/image090904.jpg,smic/HS_long/SMIC_HS_E/s13/s13_po_01/image090929.jpg,smic_13
smic,13,s13_po_02,1,92721,92735,92753,smic/HS_long/SMIC_HS_E/s13/s13_po_02/image092721.jpg,smic/HS_long/SMIC_HS_E/s13/s13_po_02/image092735.jpg,smic/HS_long/SMIC_HS_E/s13/s13_po_02/image092753.jpg,smic_13
smic,13,s13_po_03,1,93081,93102,93117,smic/HS_long/SMIC_HS_E/s13/s13_po_03/image093081.jpg,smic/HS_long/SMIC_HS_E/s13/s13_po_03/image093102.jpg,smic/HS_long/SMIC_HS_E/s13/s13_po_03/image093117.jpg,smic_13
smic,13,s13_po_04,1,93850,93882,93899,smic/HS_long/SMIC_HS_E/s13/s13_po_04/image093850.jpg,smic/HS_long/SMIC_HS_E/s13/s13_po_04/image093882.jpg,smic/HS_long/SMIC_HS_E/s13/s13_po_04/image093899.jpg,smic_13
smic,13,s13_po_05,1,94312,94335,94358,smic/HS_long/SMIC_HS_E/s13/s13_po_05/image094312.jpg,smic/HS_long/SMIC_HS_E/s13/s13_po_05/image094335.jpg,smic/HS_long/SMIC_HS_E/s13/s13_po_05/image094358.jpg,smic_13
smic,13,s13_po_06,1,103371,103388,103412,smic/HS_long/SMIC_HS_E/s13/s13_po_06/image103371.jpg,smic/HS_long/SMIC_HS_E/s13/s13_po_06/image103388.jpg,smic/HS_long/SMIC_HS_E/s13/s13_po_06/image103412.jpg,smic_13
smic,13,s13_po_07,1,109647,109664,109677,smic/HS_long/SMIC_HS_E/s13/s13_po_07/image109647.jpg,smic/HS_long/SMIC_HS_E/s13/s13_po_07/image109664.jpg,smic/HS_long/SMIC_HS_E/s13/s13_po_07/image109677.jpg,smic_13
smic,13,s13_po_08,1,110314,110331,110349,smic/HS_long/SMIC_HS_E/s13/s13_po_08/image110314.jpg,smic/HS_long/SMIC_HS_E/s13/s13_po_08/image110331.jpg,smic/HS_long/SMIC_HS_E/s13/s13_po_08/image110349.jpg,smic_13
smic,13,s13_po_09,1,141444,141463,141484,smic/HS_long/SMIC_HS_E/s13/s13_po_09/image141444.jpg,smic/HS_long/SMIC_HS_E/s13/s13_po_09/image141463.jpg,smic/HS_long/SMIC_HS_E/s13/s13_po_09/image141484.jpg,smic_13
smic,13,s13_po_10,1,143012,143033,143057,smic/HS_long/SMIC_HS_E/s13/s13_po_10/image143012.jpg,smic/HS_long/SMIC_HS_E/s13/s13_po_10/image143033.jpg,smic/HS_long/SMIC_HS_E/s13/s13_po_10/image143057.jpg,smic_13
smic,12,s12_po_01,1,8463663,8463689,8463712,smic/HS_long/SMIC_HS_E/s12/s12_po_01/image8463663.jpg,smic/HS_long/SMIC_HS_E/s12/s12_po_01/image8463689.jpg,smic/HS_long/SMIC_HS_E/s12/s12_po_01/image8463712.jpg,smic_12
smic,12,s12_po_02,1,8468220,8468232,8468245,smic/HS_long/SMIC_HS_E/s12/s12_po_02/image8468220.jpg,smic/HS_long/SMIC_HS_E/s12/s12_po_02/image8468232.jpg,smic/HS_long/SMIC_HS_E/s12/s12_po_02/image8468245.jpg,smic_12
smic,12,s12_po_03,1,8473248,8473266,8473294,smic/HS_long/SMIC_HS_E/s12/s12_po_03/image8473248.jpg,smic/HS_long/SMIC_HS_E/s12/s12_po_03/image8473266.jpg,smic/HS_long/SMIC_HS_E/s12/s12_po_03/image8473294.jpg,smic_12
smic,12,s12_po_04,1,8556703,8556714,8556730,smic/HS_long/SMIC_HS_E/s12/s12_po_04/image8556703.jpg,smic/HS_long/SMIC_HS_E/s12/s12_po_04/image8556714.jpg,smic/HS_long/SMIC_HS_E/s12/s12_po_04/image8556730.jpg,smic_12
smic,12,s12_po_05,1,8557042,8557053,8557072,smic/HS_long/SMIC_HS_E/s12/s12_po_05/image8557042.jpg,smic/HS_long/SMIC_HS_E/s12/s12_po_05/image8557053.jpg,smic/HS_long/SMIC_HS_E/s12/s12_po_05/image8557072.jpg,smic_12
smic,12,s12_po_06,1,8559942,8559964,8559981,smic/HS_long/SMIC_HS_E/s12/s12_po_06/image8559942.jpg,smic/HS_long/SMIC_HS_E/s12/s12_po_06/image8559964.jpg,smic/HS_long/SMIC_HS_E/s12/s12_po_06/image8559981.jpg,smic_12
smic,12,s12_po_07,1,8596344,8596378,8596393,smic/HS_long/SMIC_HS_E/s12/s12_po_07/image8596344.jpg,smic/HS_long/SMIC_HS_E/s12/s12_po_07/image8596378.jpg,smic/HS_long/SMIC_HS_E/s12/s12_po_07/image8596393.jpg,smic_12
smic,12,s12_po_08,1,8641010,8641036,8641050,smic/HS_long/SMIC_HS_E/s12/s12_po_08/image8641010.jpg,smic/HS_long/SMIC_HS_E/s12/s12_po_08/image8641036.jpg,smic/HS_long/SMIC_HS_E/s12/s12_po_08/image8641050.jpg,smic_12
smic,12,s12_sur_01,2,8394314,8394332,8394351,smic/HS_long/SMIC_HS_E/s12/s12_sur_01/image8394314.jpg,smic/HS_long/SMIC_HS_E/s12/s12_sur_01/image8394332.jpg,smic/HS_long/SMIC_HS_E/s12/s12_sur_01/image8394351.jpg,smic_12
smic,11,s11_ne_01,0,425358,425371,425378,smic/HS_long/SMIC_HS_E/s11/s11_ne_01/image425358.jpg,smic/HS_long/SMIC_HS_E/s11/s11_ne_01/image425371.jpg,smic/HS_long/SMIC_HS_E/s11/s11_ne_01/image425378.jpg,smic_11
smic,11,s11_ne_02,0,514569,514588,514599,smic/HS_long/SMIC_HS_E/s11/s11_ne_02/image514569.jpg,smic/HS_long/SMIC_HS_E/s11/s11_ne_02/image514588.jpg,smic/HS_long/SMIC_HS_E/s11/s11_ne_02/image514599.jpg,smic_11
smic,11,s11_ne_03,0,559504,559527,559544,smic/HS_long/SMIC_HS_E/s11/s11_ne_03/image559504.jpg,smic/HS_long/SMIC_HS_E/s11/s11_ne_03/image559527.jpg,smic/HS_long/SMIC_HS_E/s11/s11_ne_03/image559544.jpg,smic_11
smic,11,s11_po_01,1,472873,472914,472921,smic/HS_long/SMIC_HS_E/s11/s11_po_01/image472873.jpg,smic/HS_long/SMIC_HS_E/s11/s11_po_01/image472914.jpg,smic/HS_long/SMIC_HS_E/s11/s11_po_01/image472921.jpg,smic_11
smic,11,s11_po_02,1,609978,609994,610025,smic/HS_long/SMIC_HS_E/s11/s11_po_02/image609978.jpg,smic/HS_long/SMIC_HS_E/s11/s11_po_02/image609994.jpg,smic/HS_long/SMIC_HS_E/s11/s11_po_02/image610025.jpg,smic_11
smic,11,s11_po_03,1,622777,622795,622820,smic/HS_long/SMIC_HS_E/s11/s11_po_03/image622777.jpg,smic/HS_long/SMIC_HS_E/s11/s11_po_03/image622795.jpg,smic/HS_long/SMIC_HS_E/s11/s11_po_03/image622820.jpg,smic_11
smic,11,s11_sur_01,2,653392,653402,653423,smic/HS_long/SMIC_HS_E/s11/s11_sur_01/image653392.jpg,smic/HS_long/SMIC_HS_E/s11/s11_sur_01/image653402.jpg,smic/HS_long/SMIC_HS_E/s11/s11_sur_01/image653423.jpg,smic_11
smic,15,s15_ne_01,0,729591,729612,729640,smic/HS_long/SMIC_HS_E/s15/s15_ne_01/image729591.jpg,smic/HS_long/SMIC_HS_E/s15/s15_ne_01/image729612.jpg,smic/HS_long/SMIC_HS_E/s15/s15_ne_01/image729640.jpg,smic_15
smic,15,s15_po_01,1,923822,923833,923870,smic/HS_long/SMIC_HS_E/s15/s15_po_01/image923822.jpg,smic/HS_long/SMIC_HS_E/s15/s15_po_01/image923833.jpg,smic/HS_long/SMIC_HS_E/s15/s15_po_01/image923870.jpg,smic_15
smic,15,s15_sur_01,2,835624,835630,835656,smic/HS_long/SMIC_HS_E/s15/s15_sur_01/image835624.jpg,smic/HS_long/SMIC_HS_E/s15/s15_sur_01/image835630.jpg,smic/HS_long/SMIC_HS_E/s15/s15_sur_01/image835656.jpg,smic_15
smic,15,s15_sur_02,2,925646,925671,925686,smic/HS_long/SMIC_HS_E/s15/s15_sur_02/image925646.jpg,smic/HS_long/SMIC_HS_E/s15/s15_sur_02/image925671.jpg,smic/HS_long/SMIC_HS_E/s15/s15_sur_02/image925686.jpg,smic_15
smic,1,s1_ne_01,0,559740,559753,559775,smic/HS_long/SMIC_HS_E/s01/s1_ne_01/image559740.jpg,smic/HS_long/SMIC_HS_E/s01/s1_ne_01/image559753.jpg,smic/HS_long/SMIC_HS_E/s01/s1_ne_01/image559775.jpg,smic_1
smic,1,s1_ne_03,0,658536,658549,658562,smic/HS_long/SMIC_HS_E/s01/s1_ne_03/image658536.jpg,smic/HS_long/SMIC_HS_E/s01/s1_ne_03/image658549.jpg,smic/HS_long/SMIC_HS_E/s01/s1_ne_03/image658562.jpg,smic_1
smic,1,s1_po_01,1,701843,701860,701865,smic/HS_long/SMIC_HS_E/s01/s1_po_01/image701843.jpg,smic/HS_long/SMIC_HS_E/s01/s1_po_01/image701860.jpg,smic/HS_long/SMIC_HS_E/s01/s1_po_01/image701865.jpg,smic_1
smic,1,s1_po_02,1,702609,702612,702638,smic/HS_long/SMIC_HS_E/s01/s1_po_02/image702609.jpg,smic/HS_long/SMIC_HS_E/s01/s1_po_02/image702612.jpg,smic/HS_long/SMIC_HS_E/s01/s1_po_02/image702638.jpg,smic_1
smic,1,s1_sur_01,2,549990,550007,550022,smic/HS_long/SMIC_HS_E/s01/s1_sur_01/image549990.jpg,smic/HS_long/SMIC_HS_E/s01/s1_sur_01/image550007.jpg,smic/HS_long/SMIC_HS_E/s01/s1_sur_01/image550022.jpg,smic_1
smic,2,s2_po_01,1,76518,76536,76546,smic/HS_long/SMIC_HS_E/s02/s2_po_01/image076518.jpg,smic/HS_long/SMIC_HS_E/s02/s2_po_01/image076536.jpg,smic/HS_long/SMIC_HS_E/s02/s2_po_01/image076546.jpg,smic_2
smic,2,s2_sur_01,2,90868,90878,90894,smic/HS_long/SMIC_HS_E/s02/s2_sur_01/image090868.jpg,smic/HS_long/SMIC_HS_E/s02/s2_sur_01/image090878.jpg,smic/HS_long/SMIC_HS_E/s02/s2_sur_01/image090894.jpg,smic_2
smic,2,s2_sur_02,2,106180,106213,106214,smic/HS_long/SMIC_HS_E/s02/s2_sur_02/image106180.jpg,smic/HS_long/SMIC_HS_E/s02/s2_sur_02/image106213.jpg,smic/HS_long/SMIC_HS_E/s02/s2_sur_02/image106214.jpg,smic_2
smic,2,s2_sur_03,2,112010,112027,112050,smic/HS_long/SMIC_HS_E/s02/s2_sur_03/image112010.jpg,smic/HS_long/SMIC_HS_E/s02/s2_sur_03/image112027.jpg,smic/HS_long/SMIC_HS_E/s02/s2_sur_03/image112050.jpg,smic_2
smic,2,s2_sur_04,2,131313,131330,131347,smic/HS_long/SMIC_HS_E/s02/s2_sur_04/image131313.jpg,smic/HS_long/SMIC_HS_E/s02/s2_sur_04/image131330.jpg,smic/HS_long/SMIC_HS_E/s02/s2_sur_04/image131347.jpg,smic_2
smic,3,s3_ne_01,0,257900,257913,257925,smic/HS_long/SMIC_HS_E/s03/s3_ne_01/image257900.jpg,smic/HS_long/SMIC_HS_E/s03/s3_ne_01/image257913.jpg,smic/HS_long/SMIC_HS_E/s03/s3_ne_01/image257925.jpg,smic_3
smic,3,s3_ne_02,0,302330,302340,302356,smic/HS_long/SMIC_HS_E/s03/s3_ne_02/image302330.jpg,smic/HS_long/SMIC_HS_E/s03/s3_ne_02/image302340.jpg,smic/HS_long/SMIC_HS_E/s03/s3_ne_02/image302356.jpg,smic_3
smic,3,s3_ne_04,0,303090,303101,303110,smic/HS_long/SMIC_HS_E/s03/s3_ne_04/image303090.jpg,smic/HS_long/SMIC_HS_E/s03/s3_ne_04/image303101.jpg,smic/HS_long/SMIC_HS_E/s03/s3_ne_04/image303110.jpg,smic_3
smic,3,s3_ne_05,0,304365,304376,304390,smic/HS_long/SMIC_HS_E/s03/s3_ne_05/image304365.jpg,smic/HS_long/SMIC_HS_E/s03/s3_ne_05/image304376.jpg,smic/HS_long/SMIC_HS_E/s03/s3_ne_05/image304390.jpg,smic_3
smic,3,s3_ne_06,0,304979,304996,305020,smic/HS_long/SMIC_HS_E/s03/s3_ne_06/image304979.jpg,smic/HS_long/SMIC_HS_E/s03/s3_ne_06/image304996.jpg,smic/HS_long/SMIC_HS_E/s03/s3_ne_06/image305020.jpg,smic_3
smic,3,s3_ne_07,0,307920,307933,307950,smic/HS_long/SMIC_HS_E/s03/s3_ne_07/image307920.jpg,smic/HS_long/SMIC_HS_E/s03/s3_ne_07/image307933.jpg,smic/HS_long/SMIC_HS_E/s03/s3_ne_07/image307950.jpg,smic_3
smic,3,s3_ne_08,0,325380,325412,325420,smic/HS_long/SMIC_HS_E/s03/s3_ne_08/image325380.jpg,smic/HS_long/SMIC_HS_E/s03/s3_ne_08/image325412.jpg,smic/HS_long/SMIC_HS_E/s03/s3_ne_08/image325420.jpg,smic_3
smic,3,s3_ne_09,0,357430,357449,357450,smic/HS_long/SMIC_HS_E/s03/s3_ne_09/image357430.jpg,smic/HS_long/SMIC_HS_E/s03/s3_ne_09/image357449.jpg,smic/HS_long/SMIC_HS_E/s03/s3_ne_09/image357450.jpg,smic_3
smic,3,s3_ne_10,0,358085,358098,358115,smic/HS_long/SMIC_HS_E/s03/s3_ne_10/image358085.jpg,smic/HS_long/SMIC_HS_E/s03/s3_ne_10/image358098.jpg,smic/HS_long/SMIC_HS_E/s03/s3_ne_10/image358115.jpg,smic_3
smic,3,s3_ne_11,0,362132,362148,362157,smic/HS_long/SMIC_HS_E/s03/s3_ne_11/image362132.jpg,smic/HS_long/SMIC_HS_E/s03/s3_ne_11/image362148.jpg,smic/HS_long/SMIC_HS_E/s03/s3_ne_11/image362157.jpg,smic_3
smic,3,s3_ne_12,0,365106,365115,365128,smic/HS_long/SMIC_HS_E/s03/s3_ne_12/image365106.jpg,smic/HS_long/SMIC_HS_E/s03/s3_ne_12/image365115.jpg,smic/HS_long/SMIC_HS_E/s03/s3_ne_12/image365128.jpg,smic_3
smic,3,s3_ne_13,0,388781,388795,388811,smic/HS_long/SMIC_HS_E/s03/s3_ne_13/image388781.jpg,smic/HS_long/SMIC_HS_E/s03/s3_ne_13/image388795.jpg,smic/HS_long/SMIC_HS_E/s03/s3_ne_13/image388811.jpg,smic_3
smic,3,s3_ne_14,0,401504,401520,401533,smic/HS_long/SMIC_HS_E/s03/s3_ne_14/image401504.jpg,smic/HS_long/SMIC_HS_E/s03/s3_ne_14/image401520.jpg,smic/HS_long/SMIC_HS_E/s03/s3_ne_14/image401533.jpg,smic_3
smic,3,s3_ne_15,0,406314,406327,406348,smic/HS_long/SMIC_HS_E/s03/s3_ne_15/image406314.jpg,smic/HS_long/SMIC_HS_E/s03/s3_ne_15/image406327.jpg,smic/HS_long/SMIC_HS_E/s03/s3_ne_15/image406348.jpg,smic_3
smic,3,s3_ne_16,0,409046,409052,409062,smic/HS_long/SMIC_HS_E/s03/s3_ne_16/image409046.jpg,smic/HS_long/SMIC_HS_E/s03/s3_ne_16/image409052.jpg,smic/HS_long/SMIC_HS_E/s03/s3_ne_16/image409062.jpg,smic_3
smic,3,s3_ne_17,0,425101,425116,425134,smic/HS_long/SMIC_HS_E/s03/s3_ne_17/image425101.jpg,smic/HS_long/SMIC_HS_E/s03/s3_ne_17/image425116.jpg,smic/HS_long/SMIC_HS_E/s03/s3_ne_17/image425134.jpg,smic_3
smic,3,s3_ne_18,0,425330,425345,425369,smic/HS_long/SMIC_HS_E/s03/s3_ne_18/image425330.jpg,smic/HS_long/SMIC_HS_E/s03/s3_ne_18/image425345.jpg,smic/HS_long/SMIC_HS_E/s03/s3_ne_18/image425369.jpg,smic_3
smic,3,s3_ne_19,0,425879,425900,425918,smic/HS_long/SMIC_HS_E/s03/s3_ne_19/image425879.jpg,smic/HS_long/SMIC_HS_E/s03/s3_ne_19/image425900.jpg,smic/HS_long/SMIC_HS_E/s03/s3_ne_19/image425918.jpg,smic_3
smic,3,s3_ne_21,0,427607,427614,427626,smic/HS_long/SMIC_HS_E/s03/s3_ne_21/image427607.jpg,smic/HS_long/SMIC_HS_E/s03/s3_ne_21/image427614.jpg,smic/HS_long/SMIC_HS_E/s03/s3_ne_21/image427626.jpg,smic_3
smic,3,s3_ne_22,0,443812,443824,443834,smic/HS_long/SMIC_HS_E/s03/s3_ne_22/image443812.jpg,smic/HS_long/SMIC_HS_E/s03/s3_ne_22/image443824.jpg,smic/HS_long/SMIC_HS_E/s03/s3_ne_22/image443834.jpg,smic_3
smic,3,s3_po_01,1,272800,272812,272825,smic/HS_long/SMIC_HS_E/s03/s3_po_01/image272800.jpg,smic/HS_long/SMIC_HS_E/s03/s3_po_01/image272812.jpg,smic/HS_long/SMIC_HS_E/s03/s3_po_01/image272825.jpg,smic_3
smic,3,s3_po_02,1,291386,291396,291419,smic/HS_long/SMIC_HS_E/s03/s3_po_02/image291386.jpg,smic/HS_long/SMIC_HS_E/s03/s3_po_02/image291396.jpg,smic/HS_long/SMIC_HS_E/s03/s3_po_02/image291419.jpg,smic_3
smic,3,s3_po_03,1,293422,293430,293440,smic/HS_long/SMIC_HS_E/s03/s3_po_03/image293422.jpg,smic/HS_long/SMIC_HS_E/s03/s3_po_03/image293430.jpg,smic/HS_long/SMIC_HS_E/s03/s3_po_03/image293440.jpg,smic_3
smic,3,s3_po_04,1,294795,294804,294820,smic/HS_long/SMIC_HS_E/s03/s3_po_04/image294795.jpg,smic/HS_long/SMIC_HS_E/s03/s3_po_04/image294804.jpg,smic/HS_long/SMIC_HS_E/s03/s3_po_04/image294820.jpg,smic_3
smic,3,s3_po_05,1,304630,304643,304660,smic/HS_long/SMIC_HS_E/s03/s3_po_05/image304630.jpg,smic/HS_long/SMIC_HS_E/s03/s3_po_05/image304643.jpg,smic/HS_long/SMIC_HS_E/s03/s3_po_05/image304660.jpg,smic_3
smic,3,s3_po_06,1,379734,379747,379759,smic/HS_long/SMIC_HS_E/s03/s3_po_06/image379734.jpg,smic/HS_long/SMIC_HS_E/s03/s3_po_06/image379747.jpg,smic/HS_long/SMIC_HS_E/s03/s3_po_06/image379759.jpg,smic_3
smic,3,s3_po_07,1,387920,387938,387958,smic/HS_long/SMIC_HS_E/s03/s3_po_07/image387920.jpg,smic/HS_long/SMIC_HS_E/s03/s3_po_07/image387938.jpg,smic/HS_long/SMIC_HS_E/s03/s3_po_07/image387958.jpg,smic_3
smic,3,s3_po_08,1,402194,402206,402223,smic/HS_long/SMIC_HS_E/s03/s3_po_08/image402194.jpg,smic/HS_long/SMIC_HS_E/s03/s3_po_08/image402206.jpg,smic/HS_long/SMIC_HS_E/s03/s3_po_08/image402223.jpg,smic_3
smic,3,s3_po_09,1,402936,402959,402973,smic/HS_long/SMIC_HS_E/s03/s3_po_09/image402936.jpg,smic/HS_long/SMIC_HS_E/s03/s3_po_09/image402959.jpg,smic/HS_long/SMIC_HS_E/s03/s3_po_09/image402973.jpg,smic_3
smic,3,s3_po_10,1,442880,442892,442902,smic/HS_long/SMIC_HS_E/s03/s3_po_10/image442880.jpg,smic/HS_long/SMIC_HS_E/s03/s3_po_10/image442892.jpg,smic/HS_long/SMIC_HS_E/s03/s3_po_10/image442902.jpg,smic_3
smic,3,s3_po_11,1,443304,443313,443319,smic/HS_long/SMIC_HS_E/s03/s3_po_11/image443304.jpg,smic/HS_long/SMIC_HS_E/s03/s3_po_11/image443313.jpg,smic/HS_long/SMIC_HS_E/s03/s3_po_11/image443319.jpg,smic_3
smic,3,s3_sur_01,2,308860,308877,308889,smic/HS_long/SMIC_HS_E/s03/s3_sur_01/image308860.jpg,smic/HS_long/SMIC_HS_E/s03/s3_sur_01/image308877.jpg,smic/HS_long/SMIC_HS_E/s03/s3_sur_01/image308889.jpg,smic_3
smic,3,s3_sur_02,2,397654,397662,397673,smic/HS_long/SMIC_HS_E/s03/s3_sur_02/image397654.jpg,smic/HS_long/SMIC_HS_E/s03/s3_sur_02/image397662.jpg,smic/HS_long/SMIC_HS_E/s03/s3_sur_02/image397673.jpg,smic_3
smic,3,s3_sur_03,2,399885,399888,399905,smic/HS_long/SMIC_HS_E/s03/s3_sur_03/image399885.jpg,smic/HS_long/SMIC_HS_E/s03/s3_sur_03/image399888.jpg,smic/HS_long/SMIC_HS_E/s03/s3_sur_03/image399905.jpg,smic_3
smic,3,s3_sur_04,2,401806,401844,401845,smic/HS_long/SMIC_HS_E/s03/s3_sur_04/image401806.jpg,smic/HS_long/SMIC_HS_E/s03/s3_sur_04/image401844.jpg,smic/HS_long/SMIC_HS_E/s03/s3_sur_04/image401845.jpg,smic_3
smic,3,s3_sur_05,2,402300,402314,402326,smic/HS_long/SMIC_HS_E/s03/s3_sur_05/image402300.jpg,smic/HS_long/SMIC_HS_E/s03/s3_sur_05/image402314.jpg,smic/HS_long/SMIC_HS_E/s03/s3_sur_05/image402326.jpg,smic_3
smic,3,s3_sur_06,2,403395,403403,403415,smic/HS_long/SMIC_HS_E/s03/s3_sur_06/image403395.jpg,smic/HS_long/SMIC_HS_E/s03/s3_sur_06/image403403.jpg,smic/HS_long/SMIC_HS_E/s03/s3_sur_06/image403415.jpg,smic_3
smic,4,s4_ne_01,0,104317,104326,104347,smic/HS_long/SMIC_HS_E/s04/s4_ne_01/image104317.jpg,smic/HS_long/SMIC_HS_E/s04/s4_ne_01/image104326.jpg,smic/HS_long/SMIC_HS_E/s04/s4_ne_01/image104347.jpg,smic_4
smic,4,s4_ne_02,0,147350,147364,147373,smic/HS_long/SMIC_HS_E/s04/s4_ne_02/image147350.jpg,smic/HS_long/SMIC_HS_E/s04/s4_ne_02/image147364.jpg,smic/HS_long/SMIC_HS_E/s04/s4_ne_02/image147373.jpg,smic_4
smic,4,s4_ne_03,0,148798,148807,148821,smic/HS_long/SMIC_HS_E/s04/s4_ne_03/image148798.jpg,smic/HS_long/SMIC_HS_E/s04/s4_ne_03/image148807.jpg,smic/HS_long/SMIC_HS_E/s04/s4_ne_03/image148821.jpg,smic_4
smic,4,s4_ne_04,0,219199,219211,219230,smic/HS_long/SMIC_HS_E/s04/s4_ne_04/image219199.jpg,smic/HS_long/SMIC_HS_E/s04/s4_ne_04/image219211.jpg,smic/HS_long/SMIC_HS_E/s04/s4_ne_04/image219230.jpg,smic_4
smic,4,s4_ne_07,0,229561,229578,229587,smic/HS_long/SMIC_HS_E/s04/s4_ne_07/image229561.jpg,smic/HS_long/SMIC_HS_E/s04/s4_ne_07/image229578.jpg,smic/HS_long/SMIC_HS_E/s04/s4_ne_07/image229587.jpg,smic_4
smic,4,s4_ne_08,0,230055,230068,230079,smic/HS_long/SMIC_HS_E/s04/s4_ne_08/image230055.jpg,smic/HS_long/SMIC_HS_E/s04/s4_ne_08/image230068.jpg,smic/HS_long/SMIC_HS_E/s04/s4_ne_08/image230079.jpg,smic_4
smic,4,s4_ne_09,0,232225,232234,232253,smic/HS_long/SMIC_HS_E/s04/s4_ne_09/image232225.jpg,smic/HS_long/SMIC_HS_E/s04/s4_ne_09/image232234.jpg,smic/HS_long/SMIC_HS_E/s04/s4_ne_09/image232253.jpg,smic_4
smic,4,s4_ne_10,0,244824,244848,244857,smic/HS_long/SMIC_HS_E/s04/s4_ne_10/image244824.jpg,smic/HS_long/SMIC_HS_E/s04/s4_ne_10/image244848.jpg,smic/HS_long/SMIC_HS_E/s04/s4_ne_10/image244857.jpg,smic_4
smic,4,s4_po_01,1,36219,36227,36250,smic/HS_long/SMIC_HS_E/s04/s4_po_01/image036219.jpg,smic/HS_long/SMIC_HS_E/s04/s4_po_01/image036227.jpg,smic/HS_long/SMIC_HS_E/s04/s4_po_01/image036250.jpg,smic_4
smic,4,s4_po_02,1,82525,82535,82544,smic/HS_long/SMIC_HS_E/s04/s4_po_02/image082525.jpg,smic/HS_long/SMIC_HS_E/s04/s4_po_02/image082535.jpg,smic/HS_long/SMIC_HS_E/s04/s4_po_02/image082544.jpg,smic_4
smic,4,s4_po_03,1,166242,166256,166277,smic/HS_long/SMIC_HS_E/s04/s4_po_03/image166242.jpg,smic/HS_long/SMIC_HS_E/s04/s4_po_03/image166256.jpg,smic/HS_long/SMIC_HS_E/s04/s4_po_03/image166277.jpg,smic_4
smic,4,s4_po_04,1,191963,191976,191991,smic/HS_long/SMIC_HS_E/s04/s4_po_04/image191963.jpg,smic/HS_long/SMIC_HS_E/s04/s4_po_04/image191976.jpg,smic/HS_long/SMIC_HS_E/s04/s4_po_04/image191991.jpg,smic_4
smic,4,s4_sur_01,2,62922,62941,62965,smic/HS_long/SMIC_HS_E/s04/s4_sur_01/image062922.jpg,smic/HS_long/SMIC_HS_E/s04/s4_sur_01/image062941.jpg,smic/HS_long/SMIC_HS_E/s04/s4_sur_01/image062965.jpg,smic_4
smic,4,s4_sur_02,2,69757,69770,69789,smic/HS_long/SMIC_HS_E/s04/s4_sur_02/image069757.jpg,smic/HS_long/SMIC_HS_E/s04/s4_sur_02/image069770.jpg,smic/HS_long/SMIC_HS_E/s04/s4_sur_02/image069789.jpg,smic_4
smic,4,s4_sur_03,2,85893,85903,85916,smic/HS_long/SMIC_HS_E/s04/s4_sur_03/image085893.jpg,smic/HS_long/SMIC_HS_E/s04/s4_sur_03/image085903.jpg,smic/HS_long/SMIC_HS_E/s04/s4_sur_03/image085916.jpg,smic_4
smic,4,s4_sur_04,2,89333,89341,89352,smic/HS_long/SMIC_HS_E/s04/s4_sur_04/image089333.jpg,smic/HS_long/SMIC_HS_E/s04/s4_sur_04/image089341.jpg,smic/HS_long/SMIC_HS_E/s04/s4_sur_04/image089352.jpg,smic_4
smic,4,s4_sur_05,2,196085,196092,196109,smic/HS_long/SMIC_HS_E/s04/s4_sur_05/image196085.jpg,smic/HS_long/SMIC_HS_E/s04/s4_sur_05/image196092.jpg,smic/HS_long/SMIC_HS_E/s04/s4_sur_05/image196109.jpg,smic_4
smic,5,s5_ne_01,0,1038175,1038192,1038204,smic/HS_long/SMIC_HS_E/s05/s5_ne_01/image1038175.jpg,smic/HS_long/SMIC_HS_E/s05/s5_ne_01/image1038192.jpg,smic/HS_long/SMIC_HS_E/s05/s5_ne_01/image1038204.jpg,smic_5
smic,5,s5_sur_01,2,888353,888360,888395,smic/HS_long/SMIC_HS_E/s05/s5_sur_01/image888353.jpg,smic/HS_long/SMIC_HS_E/s05/s5_sur_01/image888360.jpg,smic/HS_long/SMIC_HS_E/s05/s5_sur_01/image888395.jpg,smic_5
smic,6,s6_ne_01,0,397681,397705,397720,smic/HS_long/SMIC_HS_E/s06/s6_ne_01/image397681.jpg,smic/HS_long/SMIC_HS_E/s06/s6_ne_01/image397705.jpg,smic/HS_long/SMIC_HS_E/s06/s6_ne_01/image397720.jpg,smic_6
smic,6,s6_ne_02,0,431016,431030,431050,smic/HS_long/SMIC_HS_E/s06/s6_ne_02/image431016.jpg,smic/HS_long/SMIC_HS_E/s06/s6_ne_02/image431030.jpg,smic/HS_long/SMIC_HS_E/s06/s6_ne_02/image431050.jpg,smic_6
smic,6,s6_sur_01,2,377459,377472,377483,smic/HS_long/SMIC_HS_E/s06/s6_sur_01/image377459.jpg,smic/HS_long/SMIC_HS_E/s06/s6_sur_01/image377472.jpg,smic/HS_long/SMIC_HS_E/s06/s6_sur_01/image377483.jpg,smic_6
smic,6,s6_sur_02,2,465510,465519,465550,smic/HS_long/SMIC_HS_E/s06/s6_sur_02/image465510.jpg,smic/HS_long/SMIC_HS_E/s06/s6_sur_02/image465519.jpg,smic/HS_long/SMIC_HS_E/s06/s6_sur_02/image465550.jpg,smic_6
smic,8,s8_ne_01,0,252626,252649,252665,smic/HS_long/SMIC_HS_E/s08/s8_ne_01/image252626.jpg,smic/HS_long/SMIC_HS_E/s08/s8_ne_01/image252649.jpg,smic/HS_long/SMIC_HS_E/s08/s8_ne_01/image252665.jpg,smic_8
smic,8,s8_ne_02,0,253559,253585,253586,smic/HS_long/SMIC_HS_E/s08/s8_ne_02/image253559.jpg,smic/HS_long/SMIC_HS_E/s08/s8_ne_02/image253585.jpg,smic/HS_long/SMIC_HS_E/s08/s8_ne_02/image253586.jpg,smic_8
smic,8,s8_ne_03,0,253737,253759,253764,smic/HS_long/SMIC_HS_E/s08/s8_ne_03/image253737.jpg,smic/HS_long/SMIC_HS_E/s08/s8_ne_03/image253759.jpg,smic/HS_long/SMIC_HS_E/s08/s8_ne_03/image253764.jpg,smic_8
smic,8,s8_ne_04,0,268321,268336,268357,smic/HS_long/SMIC_HS_E/s08/s8_ne_04/image268321.jpg,smic/HS_long/SMIC_HS_E/s08/s8_ne_04/image268336.jpg,smic/HS_long/SMIC_HS_E/s08/s8_ne_04/image268357.jpg,smic_8
smic,8,s8_ne_05,0,392225,392239,392265,smic/HS_long/SMIC_HS_E/s08/s8_ne_05/image392225.jpg,smic/HS_long/SMIC_HS_E/s08/s8_ne_05/image392239.jpg,smic/HS_long/SMIC_HS_E/s08/s8_ne_05/image392265.jpg,smic_8
smic,8,s8_ne_06,0,389675,389708,389722,smic/HS_long/SMIC_HS_E/s08/s8_ne_06/image389675.jpg,smic/HS_long/SMIC_HS_E/s08/s8_ne_06/image389708.jpg,smic/HS_long/SMIC_HS_E/s08/s8_ne_06/image389722.jpg,smic_8
smic,8,s8_ne_07,0,394020,394040,394042,smic/HS_long/SMIC_HS_E/s08/s8_ne_07/image394020.jpg,smic/HS_long/SMIC_HS_E/s08/s8_ne_07/image394040.jpg,smic/HS_long/SMIC_HS_E/s08/s8_ne_07/image394042.jpg,smic_8
smic,8,s8_ne_08,0,399100,399111,399127,smic/HS_long/SMIC_HS_E/s08/s8_ne_08/image399100.jpg,smic/HS_long/SMIC_HS_E/s08/s8_ne_08/image399111.jpg,smic/HS_long/SMIC_HS_E/s08/s8_ne_08/image399127.jpg,smic_8
smic,8,s8_ne_09,0,416956,416975,416995,smic/HS_long/SMIC_HS_E/s08/s8_ne_09/image416956.jpg,smic/HS_long/SMIC_HS_E/s08/s8_ne_09/image416975.jpg,smic/HS_long/SMIC_HS_E/s08/s8_ne_09/image416995.jpg,smic_8
smic,8,s8_po_01,1,305253,305261,305289,smic/HS_long/SMIC_HS_E/s08/s8_po_01/image305253.jpg,smic/HS_long/SMIC_HS_E/s08/s8_po_01/image305261.jpg,smic/HS_long/SMIC_HS_E/s08/s8_po_01/image305289.jpg,smic_8
smic,8,s8_po_02,1,332684,332694,332711,smic/HS_long/SMIC_HS_E/s08/s8_po_02/image332684.jpg,smic/HS_long/SMIC_HS_E/s08/s8_po_02/image332694.jpg,smic/HS_long/SMIC_HS_E/s08/s8_po_02/image332711.jpg,smic_8
smic,8,s8_po_03,1,405004,405032,405035,smic/HS_long/SMIC_HS_E/s08/s8_po_03/image405004.jpg,smic/HS_long/SMIC_HS_E/s08/s8_po_03/image405032.jpg,smic/HS_long/SMIC_HS_E/s08/s8_po_03/image405035.jpg,smic_8
smic,8,s8_po_04,1,406204,406207,406244,smic/HS_long/SMIC_HS_E/s08/s8_po_04/image406204.jpg,smic/HS_long/SMIC_HS_E/s08/s8_po_04/image406207.jpg,smic/HS_long/SMIC_HS_E/s08/s8_po_04/image406244.jpg,smic_8
smic,9,s9_po_01,1,72643,72658,72684,smic/HS_long/SMIC_HS_E/s09/s9_po_01/image072643.jpg,smic/HS_long/SMIC_HS_E/s09/s9_po_01/image072658.jpg,smic/HS_long/SMIC_HS_E/s09/s9_po_01/image072684.jpg,smic_9
smic,9,s9_sur_01,2,61206,61223,61232,smic/HS_long/SMIC_HS_E/s09/s9_sur_01/image061206.jpg,smic/HS_long/SMIC_HS_E/s09/s9_sur_01/image061223.jpg,smic/HS_long/SMIC_HS_E/s09/s9_sur_01/image061232.jpg,smic_9
smic,9,s9_sur_03,2,91099,91118,91137,smic/HS_long/SMIC_HS_E/s09/s9_sur_03/image091099.jpg,smic/HS_long/SMIC_HS_E/s09/s9_sur_03/image091118.jpg,smic/HS_long/SMIC_HS_E/s09/s9_sur_03/image091137.jpg,smic_9
samm,6,006_1_2,0,5562,5588,5632,samm/006/006_1_2/006_05562.jpg,samm/006/006_1_2/006_05588.jpg,samm/006/006_1_2/006_05632.jpg,samm_6
samm,6,006_1_3,0,3912,3948,3988,samm/006/006_1_3/006_03912.jpg,samm/006/006_1_3/006_03948.jpg,samm/006/006_1_3/006_03988.jpg,samm_6
samm,6,006_1_4,0,2324,2368,2403,samm/006/006_1_4/006_02324.jpg,samm/006/006_1_4/006_02368.jpg,samm/006/006_1_4/006_02403.jpg,samm_6
samm,6,006_1_5,0,5343,5388,5424,samm/006/006_1_5/006_05343.jpg,samm/006/006_1_5/006_05388.jpg,samm/006/006_1_5/006_05424.jpg,samm_6
samm,6,006_1_6,0,7160,7197,7259,samm/006/006_1_6/006_07160.jpg,samm/006/006_1_6/006_07197.jpg,samm/006/006_1_6/006_07259.jpg,samm_6
samm,6,006_2_4,0,180,217,274,samm/006/006_2_4/006_0180.jpg,samm/006/006_2_4/006_0217.jpg,samm/006/006_2_4/006_0274.jpg,samm_6
samm,6,006_3_4,0,639,668,702,samm/006/006_3_4/006_0639.jpg,samm/006/006_3_4/006_0668.jpg,samm/006/006_3_4/006_0702.jpg,samm_6
samm,6,006_3_5,2,1787,1829,1856,samm/006/006_3_5/006_1787.jpg,samm/006/006_3_5/006_1829.jpg,samm/006/006_3_5/006_1856.jpg,samm_6
samm,6,006_5_10,0,1436,1465,1514,samm/006/006_5_10/006_1436.jpg,samm/006/006_5_10/006_1465.jpg,samm/006/006_5_10/006_1514.jpg,samm_6
samm,6,006_5_11,0,2130,2190,2226,samm/006/006_5_11/006_2130.jpg,samm/006/006_5_11/006_2190.jpg,samm/006/006_5_11/006_2226.jpg,samm_6
samm,6,006_5_9,2,5258,5282,5351,samm/006/006_5_9/006_5258.jpg,samm/006/006_5_9/006_5282.jpg,samm/006/006_5_9/006_5351.jpg,samm_6
samm,7,007_3_1,0,2046,2062,2091,samm/007/007_3_1/007_2046.jpg,samm/007/007_3_1/007_2062.jpg,samm/007/007_3_1/007_2091.jpg,samm_7
samm,7,007_5_3,2,2759,2797,2835,samm/007/007_5_3/007_2759.jpg,samm/007/007_5_3/007_2797.jpg,samm/007/007_5_3/007_2835.jpg,samm_7
samm,7,007_6_1,1,497,511,541,samm/007/007_6_1/007_0497.jpg,samm/007/007_6_1/007_0511.jpg,samm/007/007_6_1/007_0541.jpg,samm_7
samm,7,007_6_2,1,1296,1326,1377,samm/007/007_6_2/007_1296.jpg,samm/007/007_6_2/007_1326.jpg,samm/007/007_6_2/007_1377.jpg,samm_7
samm,7,007_6_3,1,2560,2592,2617,samm/007/007_6_3/007_2560.jpg,samm/007/007_6_3/007_2592.jpg,samm/007/007_6_3/007_2617.jpg,samm_7
samm,7,007_6_5,1,649,673,723,samm/007/007_6_5/007_0649.jpg,samm/007/007_6_5/007_0673.jpg,samm/007/007_6_5/007_0723.jpg,samm_7
samm,7,007_7_1,2,7030,7056,7070,samm/007/007_7_1/007_7030.jpg,samm/007/007_7_1/007_7056.jpg,samm/007/007_7_1/007_7070.jpg,samm_7
samm,7,007_7_5,1,554,585,637,samm/007/007_7_5/007_0554.jpg,samm/007/007_7_5/007_0585.jpg,samm/007/007_7_5/007_0637.jpg,samm_7
samm,9,009_2_1,0,3577,3602,3641,samm/009/009_2_1/009_3577.jpg,samm/009/009_2_1/009_3602.jpg,samm/009/009_2_1/009_3641.jpg,samm_9
samm,9,009_3_2,0,1856,1891,1932,samm/009/009_3_2/009_1856.jpg,samm/009/009_3_2/009_1891.jpg,samm/009/009_3_2/009_1932.jpg,samm_9
samm,9,009_3_3,0,1968,2010,2045,samm/009/009_3_3/009_1968.jpg,samm/009/009_3_3/009_2010.jpg,samm/009/009_3_3/009_2045.jpg,samm_9
samm,9,009_3_4,2,3334,3370,3419,samm/009/009_3_4/009_3334.jpg,samm/009/009_3_4/009_3370.jpg,samm/009/009_3_4/009_3419.jpg,samm_9
samm,10,010_2_1,0,192,206,228,samm/010/010_2_1/010_0192.jpg,samm/010/010_2_1/010_0206.jpg,samm/010/010_2_1/010_0228.jpg,samm_10
samm,10,010_2_8,0,1211,1239,1288,samm/010/010_2_8/010_1211.jpg,samm/010/010_2_8/010_1239.jpg,samm/010/010_2_8/010_1288.jpg,samm_10
samm,10,010_4_1,0,3528,3548,3557,samm/010/010_4_1/010_3528.jpg,samm/010/010_4_1/010_3548.jpg,samm/010/010_4_1/010_3557.jpg,samm_10
samm,10,010_4_2,0,6708,6730,6738,samm/010/010_4_2/010_6708.jpg,samm/010/010_4_2/010_6730.jpg,samm/010/010_4_2/010_6738.jpg,samm_10
samm,11,011_1_4,0,3080,3131,3168,samm/011/011_1_4/011_03080.jpg,samm/011/011_1_4/011_03131.jpg,samm/011/011_1_4/011_03168.jpg,samm_11
samm,11,011_2_1,0,2029,2050,2068,samm/011/011_2_1/011_2029.jpg,samm/011/011_2_1/011_2050.jpg,samm/011/011_2_1/011_2068.jpg,samm_11
samm,11,011_2_2,0,2069,2114,2125,samm/011/011_2_2/011_2069.jpg,samm/011/011_2_2/011_2114.jpg,samm/011/011_2_2/011_2125.jpg,samm_11
samm,11,011_2_3,0,3885,3921,3974,samm/011/011_2_3/011_3885.jpg,samm/011/011_2_3/011_3921.jpg,samm/011/011_2_3/011_3974.jpg,samm_11
samm,11,011_2_7,1,3361,3402,3449,samm/011/011_2_7/011_3361.jpg,samm/011/011_2_7/011_3402.jpg,samm/011/011_2_7/011_3449.jpg,samm_11
samm,11,011_3_1,0,2363,2395,2411,samm/011/011_3_1/011_2363.jpg,samm/011/011_3_1/011_2395.jpg,samm/011/011_3_1/011_2411.jpg,samm_11
samm,11,011_3_4,1,2841,2891,2920,samm/011/011_3_4/011_2841.jpg,samm/011/011_3_4/011_2891.jpg,samm/011/011_3_4/011_2920.jpg,samm_11
samm,11,011_3_5,1,2944,3007,3031,samm/011/011_3_5/011_2944.jpg,samm/011/011_3_5/011_3007.jpg,samm/011/011_3_5/011_3031.jpg,samm_11
samm,11,011_3_6,1,3208,3253,3308,samm/011/011_3_6/011_3208.jpg,samm/011/011_3_6/011_3253.jpg,samm/011/011_3_6/011_3308.jpg,samm_11
samm,11,011_4_1,0,6750,6771,6803,samm/011/011_4_1/011_6750.jpg,samm/011/011_4_1/011_6771.jpg,samm/011/011_4_1/011_6803.jpg,samm_11
samm,11,011_4_12,0,4158,4194,4254,samm/011/011_4_12/011_4158.jpg,samm/011/011_4_12/011_4194.jpg,samm/011/011_4_12/011_4254.jpg,samm_11
samm,11,011_4_13,0,2755,2791,2853,samm/011/011_4_13/011_2755.jpg,samm/011/011_4_13/011_2791.jpg,samm/011/011_4_13/011_2853.jpg,samm_11
samm,11,011_4_2,0,2980,3014,3037,samm/011/011_4_2/011_2980.jpg,samm/011/011_4_2/011_3014.jpg,samm/011/011_4_2/011_3037.jpg,samm_11
samm,11,011_5_1,0,1048,1071,1088,samm/011/011_5_1/011_1048.jpg,samm/011/011_5_1/011_1071.jpg,samm/011/011_5_1/011_1088.jpg,samm_11
samm,11,011_6_1,0,4422,4463,4486,samm/011/011_6_1/011_4422.jpg,samm/011/011_6_1/011_4463.jpg,samm/011/011_6_1/011_4486.jpg,samm_11
samm,11,011_6_13,1,4523,4585,4619,samm/011/011_6_13/011_4523.jpg,samm/011/011_6_13/011_4585.jpg,samm/011/011_6_13/011_4619.jpg,samm_11
samm,11,011_6_5,1,2504,2571,2602,samm/011/011_6_5/011_2504.jpg,samm/011/011_6_5/011_2571.jpg,samm/011/011_6_5/011_2602.jpg,samm_11
samm,11,011_6_6,1,2607,2649,2680,samm/011/011_6_6/011_2607.jpg,samm/011/011_6_6/011_2649.jpg,samm/011/011_6_6/011_2680.jpg,samm_11
samm,11,011_7_1,0,1220,1236,1269,samm/011/011_7_1/011_1220.jpg,samm/011/011_7_1/011_1236.jpg,samm/011/011_7_1/011_1269.jpg,samm_11
samm,11,011_7_10,0,3599,3630,3680,samm/011/011_7_10/011_3599.jpg,samm/011/011_7_10/011_3630.jpg,samm/011/011_7_10/011_3680.jpg,samm_11
samm,12,012_3_1,0,4621,4651,4676,samm/012/012_3_1/012_4621.jpg,samm/012/012_3_1/012_4651.jpg,samm/012/012_3_1/012_4676.jpg,samm_12
samm,12,012_3_2,0,4697,4735,4796,samm/012/012_3_2/012_4697.jpg,samm/012/012_3_2/012_4735.jpg,samm/012/012_3_2/012_4796.jpg,samm_12
samm,12,012_7_1,2,7871,7889,7923,samm/012/012_7_1/012_7871.jpg,samm/012/012_7_1/012_7889.jpg,samm/012/012_7_1/012_7923.jpg,samm_12
samm,13,013_1_10,0,3802,3824,3890,samm/013/013_1_10/013_03802.jpg,samm/013/013_1_10/013_03824.jpg,samm/013/013_1_10/013_03890.jpg,samm_13
samm,13,013_1_11,0,4490,4544,4582,samm/013/013_1_11/013_04490.jpg,samm/013/013_1_11/013_04544.jpg,samm/013/013_1_11/013_04582.jpg,samm_13
samm,13,013_1_12,0,706,739,802,samm/013/013_1_12/013_00706.jpg,samm/013/013_1_12/013_00739.jpg,samm/013/013_1_12/013_00802.jpg,samm_13
samm,13,013_1_8,0,841,867,919,samm/013/013_1_8/013_00841.jpg,samm/013/013_1_8/013_00867.jpg,samm/013/013_1_8/013_00919.jpg,samm_13
samm,13,013_1_9,0,5658,5680,5739,samm/013/013_1_9/013_05658.jpg,samm/013/013_1_9/013_05680.jpg,samm/013/013_1_9/013_05739.jpg,samm_13
samm,13,013_7_7,0,2077,2135,2167,samm/013/013_7_7/013_2077.jpg,samm/013/013_7_7/013_2135.jpg,samm/013/013_7_7/013_2167.jpg,samm_13
samm,14,014_1_1,0,2856,2881,2897,samm/014/014_1_1/014_02856.jpg,samm/014/014_1_1/014_02881.jpg,samm/014/014_1_1/014_02897.jpg,samm_14
samm,14,014_2_3,2,4616,4645,4705,samm/014/014_2_3/014_4616.jpg,samm/014/014_2_3/014_4645.jpg,samm/014/014_2_3/014_4705.jpg,samm_14
samm,14,014_2_4,1,3874,3925,3968,samm/014/014_2_4/014_3874.jpg,samm/014/014_2_4/014_3925.jpg,samm/014/014_2_4/014_3968.jpg,samm_14
samm,14,014_3_3,1,2635,2646,2714,samm/014/014_3_3/014_2635.jpg,samm/014/014_3_3/014_2646.jpg,samm/014/014_3_3/014_2714.jpg,samm_14
samm,14,014_3_4,1,1426,1457,1523,samm/014/014_3_4/014_1426.jpg,samm/014/014_3_4/014_1457.jpg,samm/014/014_3_4/014_1523.jpg,samm_14
samm,14,014_5_2,0,469,498,557,samm/014/014_5_2/014_0469.jpg,samm/014/014_5_2/014_0498.jpg,samm/014/014_5_2/014_0557.jpg,samm_14
samm,14,014_6_1,1,1316,1334,1350,samm/014/014_6_1/014_1316.jpg,samm/014/014_6_1/014_1334.jpg,samm/014/014_6_1/014_1350.jpg,samm_14
samm,14,014_6_2,1,1190,1221,1253,samm/014/014_6_2/014_1190.jpg,samm/014/014_6_2/014_1221.jpg,samm/014/014_6_2/014_1253.jpg,samm_14
samm,14,014_6_3,1,128,171,196,samm/014/014_6_3/014_0128.jpg,samm/014/014_6_3/014_0171.jpg,samm/014/014_6_3/014_0196.jpg,samm_14
samm,14,014_7_1,1,3529,3560,3598,samm/014/014_7_1/014_3529.jpg,samm/014/014_7_1/014_3560.jpg,samm/014/014_7_1/014_3598.jpg,samm_14
samm,15,015_5_1,0,6380,6406,6442,samm/015/015_5_1/015_6380.jpg,samm/015/015_5_1/015_6406.jpg,samm/015/015_5_1/015_6442.jpg,samm_15
samm,15,015_5_2,0,6587,6615,6659,samm/015/015_5_2/015_6587.jpg,samm/015/015_5_2/015_6615.jpg,samm/015/015_5_2/015_6659.jpg,samm_15
samm,15,015_5_3,2,6050,6073,6127,samm/015/015_5_3/015_6050.jpg,samm/015/015_5_3/015_6073.jpg,samm/015/015_5_3/015_6127.jpg,samm_15
samm,16,016_7_1,0,2275,2299,2323,samm/016/016_7_1/016_02275.jpg,samm/016/016_7_1/016_02299.jpg,samm/016/016_7_1/016_02323.jpg,samm_16
samm,16,016_7_2,2,3840,3854,3892,samm/016/016_7_2/016_03840.jpg,samm/016/016_7_2/016_03854.jpg,samm/016/016_7_2/016_03892.jpg,samm_16
samm,16,016_7_3,0,4395,4421,4447,samm/016/016_7_3/016_04395.jpg,samm/016/016_7_3/016_04421.jpg,samm/016/016_7_3/016_04447.jpg,samm_16
samm,16,016_7_5,2,6120,6155,6207,samm/016/016_7_5/016_06120.jpg,samm/016/016_7_5/016_06155.jpg,samm/016/016_7_5/016_06207.jpg,samm_16
samm,16,016_7_8,1,12256,12324,12349,samm/016/016_7_8/016_12256.jpg,samm/016/016_7_8/016_12324.jpg,samm/016/016_7_8/016_12349.jpg,samm_16
samm,17,017_3_1,0,312,337,387,samm/017/017_3_1/017_0312.jpg,samm/017/017_3_1/017_0337.jpg,samm/017/017_3_1/017_0387.jpg,samm_17
samm,17,017_3_2,2,83,116,165,samm/017/017_3_2/017_0083.jpg,samm/017/017_3_2/017_0116.jpg,samm/017/017_3_2/017_0165.jpg,samm_17
samm,17,017_3_4,0,174,199,264,samm/017/017_3_4/017_0174.jpg,samm/017/017_3_4/017_0199.jpg,samm/017/017_3_4/017_0264.jpg,samm_17
samm,17,017_6_1,0,1107,1143,1178,samm/017/017_6_1/017_1107.jpg,samm/017/017_6_1/017_1143.jpg,samm/017/017_6_1/017_1178.jpg,samm_17
samm,18,018_3_1,0,1405,1456,1500,samm/018/018_3_1/018_1405.jpg,samm/018/018_3_1/018_1456.jpg,samm/018/018_3_1/018_1500.jpg,samm_18
samm,18,018_5_1,0,6991,7026,7060,samm/018/018_5_1/018_6991.jpg,samm/018/018_5_1/018_7026.jpg,samm/018/018_5_1/018_7060.jpg,samm_18
samm,18,018_7_1,2,10133,10156,10175,samm/018/018_7_1/018_10133.jpg,samm/018/018_7_1/018_10156.jpg,samm/018/018_7_1/018_10175.jpg,samm_18
samm,19,019_4_1,1,4496,4517,4550,samm/019/019_4_1/019_4496.jpg,samm/019/019_4_1/019_4517.jpg,samm/019/019_4_1/019_4550.jpg,samm_19
samm,20,020_4_1,0,3440,3469,3497,samm/020/020_4_1/020_3440.jpg,samm/020/020_4_1/020_3469.jpg,samm/020/020_4_1/020_3497.jpg,samm_20
samm,20,020_4_2,1,1482,1516,1528,samm/020/020_4_2/020_1482.jpg,samm/020/020_4_2/020_1516.jpg,samm/020/020_4_2/020_1528.jpg,samm_20
samm,20,020_7_1,0,8518,8551,8577,samm/020/020_7_1/020_8518.jpg,samm/020/020_7_1/020_8551.jpg,samm/020/020_7_1/020_8577.jpg,samm_20
samm,20,020_7_10,1,9071,9140,9165,samm/020/020_7_10/020_9071.jpg,samm/020/020_7_10/020_9140.jpg,samm/020/020_7_10/020_9165.jpg,samm_20
samm,21,021_7_1,0,5589,5621,5646,samm/021/021_7_1/021_5589.jpg,samm/021/021_7_1/021_5621.jpg,samm/021/021_7_1/021_5646.jpg,samm_21
samm,21,021_7_2,0,2853,2882,2942,samm/021/021_7_2/021_2853.jpg,samm/021/021_7_2/021_2882.jpg,samm/021/021_7_2/021_2942.jpg,samm_21
samm,22,022_2_3,0,402,438,501,samm/022/022_2_3/022_0402.jpg,samm/022/022_2_3/022_0438.jpg,samm/022/022_2_3/022_0501.jpg,samm_22
samm,22,022_3_2,0,380,421,428,samm/022/022_3_2/022_0380.jpg,samm/022/022_3_2/022_0421.jpg,samm/022/022_3_2/022_0428.jpg,samm_22
samm,22,022_3_3,1,3659,3683,3697,samm/022/022_3_3/022_3659.jpg,samm/022/022_3_3/022_3683.jpg,samm/022/022_3_3/022_3697.jpg,samm_22
samm,22,022_4_1,0,492,505,569,samm/022/022_4_1/022_0492.jpg,samm/022/022_4_1/022_0505.jpg,samm/022/022_4_1/022_0569.jpg,samm_22
samm,22,022_5_1,1,335,357,405,samm/022/022_5_1/022_0335.jpg,samm/022/022_5_1/022_0357.jpg,samm/022/022_5_1/022_0405.jpg,samm_22
samm,23,023_1_1,0,5024,5037,5074,samm/023/023_1_1/023_05024.jpg,samm/023/023_1_1/023_05037.jpg,samm/023/023_1_1/023_05074.jpg,samm_23
samm,24,024_2_1,0,3763,3779,3835,samm/024/024_2_1/024_3763.jpg,samm/024/024_2_1/024_3779.jpg,samm/024/024_2_1/024_3835.jpg,samm_24
samm,26,026_1_1,0,295,323,370,samm/026/026_1_1/026_00295.jpg,samm/026/026_1_1/026_00323.jpg,samm/026/026_1_1/026_00370.jpg,samm_26
samm,26,026_2_1,0,2881,2918,2947,samm/026/026_2_1/026_2881.jpg,samm/026/026_2_1/026_2918.jpg,samm/026/026_2_1/026_2947.jpg,samm_26
samm,26,026_2_2,0,2952,2978,3028,samm/026/026_2_2/026_2952.jpg,samm/026/026_2_2/026_2978.jpg,samm/026/026_2_2/026_3028.jpg,samm_26
samm,26,026_2_3,0,2607,2642,2685,samm/026/026_2_3/026_2607.jpg,samm/026/026_2_3/026_2642.jpg,samm/026/026_2_3/026_2685.jpg,samm_26
samm,26,026_3_3,0,1704,1736,1737,samm/026/026_3_3/026_1704.jpg,samm/026/026_3_3/026_1736.jpg,samm/026/026_3_3/026_1737.jpg,samm_26
samm,26,026_3_4,0,3582,3608,3640,samm/026/026_3_4/026_3582.jpg,samm/026/026_3_4/026_3608.jpg,samm/026/026_3_4/026_3640.jpg,samm_26
samm,26,026_5_1,0,5073,5089,5146,samm/026/026_5_1/026_5073.jpg,samm/026/026_5_1/026_5089.jpg,samm/026/026_5_1/026_5146.jpg,samm_26
samm,26,026_6_1,0,3848,3882,3941,samm/026/026_6_1/026_3848.jpg,samm/026/026_6_1/026_3882.jpg,samm/026/026_6_1/026_3941.jpg,samm_26
samm,26,026_7_3,0,2750,2783,2844,samm/026/026_7_3/026_2750.jpg,samm/026/026_7_3/026_2783.jpg,samm/026/026_7_3/026_2844.jpg,samm_26
samm,28,028_4_1,0,1071,1113,1134,samm/028/028_4_1/028_1071.jpg,samm/028/028_4_1/028_1113.jpg,samm/028/028_4_1/028_1134.jpg,samm_28
samm,28,028_4_3,2,370,424,441,samm/028/028_4_3/028_0370.jpg,samm/028/028_4_3/028_0424.jpg,samm/028/028_4_3/028_0441.jpg,samm_28
samm,28,028_4_4,2,1288,1367,1376,samm/028/028_4_4/028_1288.jpg,samm/028/028_4_4/028_1367.jpg,samm/028/028_4_4/028_1376.jpg,samm_28
samm,30,030_1_1,0,2379,2422,2460,samm/030/030_1_1/030_02379.jpg,samm/030/030_1_1/030_02422.jpg,samm/030/030_1_1/030_02460.jpg,samm_30
samm,30,030_1_2,0,6344,6392,6434,samm/030/030_1_2/030_06344.jpg,samm/030/030_1_2/030_06392.jpg,samm/030/030_1_2/030_06434.jpg,samm_30
samm,30,030_5_1,0,1921,1960,2001,samm/030/030_5_1/030_1921.jpg,samm/030/030_5_1/030_1960.jpg,samm/030/030_5_1/030_2001.jpg,samm_30
samm,31,031_3_1,0,3831,3852,3886,samm/031/031_3_1/031_3831.jpg,samm/031/031_3_1/031_3852.jpg,samm/031/031_3_1/031_3886.jpg,samm_31
samm,32,032_3_1,0,4896,4930,4970,samm/032/032_3_1/032_4896.jpg,samm/032/032_3_1/032_4930.jpg,samm/032/032_3_1/032_4970.jpg,samm_32
samm,32,032_3_2,0,5126,5127,5207,samm/032/032_3_2/032_5126.jpg,samm/032/032_3_2/032_5127.jpg,samm/032/032_3_2/032_5207.jpg,samm_32
samm,32,032_4_2,0,408,436,479,samm/032/032_4_2/032_0408.jpg,samm/032/032_4_2/032_0436.jpg,samm/032/032_4_2/032_0479.jpg,samm_32
samm,32,032_6_1,0,4307,4325,4366,samm/032/032_6_1/032_4307.jpg,samm/032/032_6_1/032_4325.jpg,samm/032/032_6_1/032_4366.jpg,samm_32
samm,33,033_1_3,1,5957,5988,6009,samm/033/033_1_3/033_05957.jpg,samm/033/033_1_3/033_05988.jpg,samm/033/033_1_3/033_06009.jpg,samm_33
samm,33,033_1_4,0,6541,6573,6609,samm/033/033_1_4/033_06541.jpg,samm/033/033_1_4/033_06573.jpg,samm/033/033_1_4/033_06609.jpg,samm_33
samm,33,033_1_5,0,6889,6926,6973,samm/033/033_1_5/033_06889.jpg,samm/033/033_1_5/033_06926.jpg,samm/033/033_1_5/033_06973.jpg,samm_33
samm,33,033_2_1,0,695,749,776,samm/033/033_2_1/033_0695.jpg,samm/033/033_2_1/033_0749.jpg,samm/033/033_2_1/033_0776.jpg,samm_33
samm,33,033_2_2,0,2117,2149,2215,samm/033/033_2_2/033_2117.jpg,samm/033/033_2_2/033_2149.jpg,samm/033/033_2_2/033_2215.jpg,samm_33
samm,34,034_3_1,0,3129,3159,3217,samm/034/034_3_1/034_3129.jpg,samm/034/034_3_1/034_3159.jpg,samm/034/034_3_1/034_3217.jpg,samm_34
samm,34,034_7_2,0,1578,1612,1655,samm/034/034_7_2/034_01578.jpg,samm/034/034_7_2/034_01612.jpg,samm/034/034_7_2/034_01655.jpg,samm_34
samm,34,034_7_3,0,3636,3672,3719,samm/034/034_7_3/034_03636.jpg,samm/034/034_7_3/034_03672.jpg,samm/034/034_7_3/034_03719.jpg,samm_34
samm,35,035_1_1,0,9649,9667,9691,samm/035/035_1_1/035_09649.jpg,samm/035/035_1_1/035_09667.jpg,samm/035/035_1_1/035_09691.jpg,samm_35
samm,35,035_4_1,0,231,245,263,samm/035/035_4_1/035_0231.jpg,samm/035/035_4_1/035_0245.jpg,samm/035/035_4_1/035_0263.jpg,samm_35
samm,35,035_4_2,0,1509,1534,1574,samm/035/035_4_2/035_1509.jpg,samm/035/035_4_2/035_1534.jpg,samm/035/035_4_2/035_1574.jpg,samm_35
samm,35,035_5_2,0,2409,2443,2473,samm/035/035_5_2/035_2409.jpg,samm/035/035_5_2/035_2443.jpg,samm/035/035_5_2/035_2473.jpg,samm_35
samm,35,035_5_3,0,253,293,341,samm/035/035_5_3/035_0253.jpg,samm/035/035_5_3/035_0293.jpg,samm/035/035_5_3/035_0341.jpg,samm_35
samm,35,035_6_3,0,180,210,236,samm/035/035_6_3/035_0180.jpg,samm/035/035_6_3/035_0210.jpg,samm/035/035_6_3/035_0236.jpg,samm_35
samm,35,035_7_1,2,7809,7819,7853,samm/035/035_7_1/035_07809.jpg,samm/035/035_7_1/035_07819.jpg,samm/035/035_7_1/035_07853.jpg,samm_35
samm,35,035_7_2,0,823,855,918,samm/035/035_7_2/035_00823.jpg,samm/035/035_7_2/035_00855.jpg,samm/035/035_7_2/035_00918.jpg,samm_35
samm,36,036_7_3,0,2264,2339,2363,samm/036/036_7_3/036_02264.jpg,samm/036/036_7_3/036_02339.jpg,samm/036/036_7_3/036_02363.jpg,samm_36
samm,37,037_3_2,0,3196,3214,3295,samm/037/037_3_2/037_3196.jpg,samm/037/037_3_2/037_3214.jpg,samm/037/037_3_2/037_3295.jpg,samm_37
casme2,sub01,EP02_01f,1,46,59,86,casme2/sub01/EP02_01f/img46.jpg,casme2/sub01/EP02_01f/img59.jpg,casme2/sub01/EP02_01f/img86.jpg,casme2_sub01
casme2,sub01,EP19_05f,0,396,416,446,casme2/sub01/EP19_05f/img396.jpg,casme2/sub01/EP19_05f/img416.jpg,casme2/sub01/EP19_05f/img446.jpg,casme2_sub01
casme2,sub01,EP19_06f,0,36,71,161,casme2/sub01/EP19_06f/img36.jpg,casme2/sub01/EP19_06f/img71.jpg,casme2/sub01/EP19_06f/img161.jpg,casme2_sub01
casme2,sub02,EP01_11f,0,46,91,96,casme2/sub02/EP01_11f/img46.jpg,casme2/sub02/EP01_11f/img91.jpg,casme2/sub02/EP01_11f/img96.jpg,casme2_sub02
casme2,sub02,EP02_04f,0,31,79,141,casme2/sub02/EP02_04f/img31.jpg,casme2/sub02/EP02_04f/img79.jpg,casme2/sub02/EP02_04f/img141.jpg,casme2_sub02
casme2,sub02,EP03_02f,0,16,81,136,casme2/sub02/EP03_02f/img16.jpg,casme2/sub02/EP03_02f/img81.jpg,casme2/sub02/EP03_02f/img136.jpg,casme2_sub02
casme2,sub02,EP06_01f,0,56,121,155,casme2/sub02/EP06_01f/img56.jpg,casme2/sub02/EP06_01f/img121.jpg,casme2/sub02/EP06_01f/img155.jpg,casme2_sub02
casme2,sub02,EP06_02f,0,36,64,111,casme2/sub02/EP06_02f/img36.jpg,casme2/sub02/EP06_02f/img64.jpg,casme2/sub02/EP06_02f/img111.jpg,casme2_sub02
casme2,sub02,EP09_01,1,26,56,125,casme2/sub02/EP09_01/img26.jpg,casme2/sub02/EP09_01/img56.jpg,casme2/sub02/EP09_01/img125.jpg,casme2_sub02
casme2,sub02,EP11_01,2,16,69,106,casme2/sub02/EP11_01/img16.jpg,casme2/sub02/EP11_01/img69.jpg,casme2/sub02/EP11_01/img106.jpg,casme2_sub02
casme2,sub02,EP13_04,2,21,51,76,casme2/sub02/EP13_04/img21.jpg,casme2/sub02/EP13_04/img51.jpg,casme2/sub02/EP13_04/img76.jpg,casme2_sub02
casme2,sub02,EP14_01,2,81,114,126,casme2/sub02/EP14_01/img81.jpg,casme2/sub02/EP14_01/img114.jpg,casme2/sub02/EP14_01/img126.jpg,casme2_sub02
casme2,sub03,EP01_2,2,51,69,91,casme2/sub03/EP01_2/img51.jpg,casme2/sub03/EP01_2/img69.jpg,casme2/sub03/EP01_2/img91.jpg,casme2_sub03
casme2,sub03,EP07_04,0,21,81,106,casme2/sub03/EP07_04/img21.jpg,casme2/sub03/EP07_04/img81.jpg,casme2/sub03/EP07_04/img106.jpg,casme2_sub03
casme2,sub03,EP09_03,0,61,76,121,casme2/sub03/EP09_03/img61.jpg,casme2/sub03/EP09_03/img76.jpg,casme2/sub03/EP09_03/img121.jpg,casme2_sub03
casme2,sub03,EP18_06,0,26,81,126,casme2/sub03/EP18_06/img26.jpg,casme2/sub03/EP18_06/img81.jpg,casme2/sub03/EP18_06/img126.jpg,casme2_sub03
casme2,sub03,EP19_08,0,101,121,141,casme2/sub03/EP19_08/img101.jpg,casme2/sub03/EP19_08/img121.jpg,casme2/sub03/EP19_08/img141.jpg,casme2_sub03
casme2,sub04,EP12_02f,0,356,387,406,casme2/sub04/EP12_02f/img356.jpg,casme2/sub04/EP12_02f/img387.jpg,casme2/sub04/EP12_02f/img406.jpg,casme2_sub04
casme2,sub04,EP13_06f,0,71,108,161,casme2/sub04/EP13_06f/img71.jpg,casme2/sub04/EP13_06f/img108.jpg,casme2/sub04/EP13_06f/img161.jpg,casme2_sub04
casme2,sub05,EP02_07,2,36,66,101,casme2/sub05/EP02_07/img36.jpg,casme2/sub05/EP02_07/img66.jpg,casme2/sub05/EP02_07/img101.jpg,casme2_sub05
casme2,sub05,EP03_01,1,41,81,101,casme2/sub05/EP03_01/img41.jpg,casme2/sub05/EP03_01/img81.jpg,casme2/sub05/EP03_01/img101.jpg,casme2_sub05
casme2,sub05,EP03_06,2,33,66,83,casme2/sub05/EP03_06/img33.jpg,casme2/sub05/EP03_06/img66.jpg,casme2/sub05/EP03_06/img83.jpg,casme2_sub05
casme2,sub05,EP04_05,2,16,44,66,casme2/sub05/EP04_05/img16.jpg,casme2/sub05/EP04_05/img44.jpg,casme2/sub05/EP04_05/img66.jpg,casme2_sub05
casme2,sub05,EP04_06,2,6,49,91,casme2/sub05/EP04_06/img6.jpg,casme2/sub05/EP04_06/img49.jpg,casme2/sub05/EP04_06/img91.jpg,casme2_sub05
casme2,sub05,EP12_03f,2,11,36,61,casme2/sub05/EP12_03f/img11.jpg,casme2/sub05/EP12_03f/img36.jpg,casme2/sub05/EP12_03f/img61.jpg,casme2_sub05
casme2,sub06,EP01_01,1,81,111,136,casme2/sub06/EP01_01/img81.jpg,casme2/sub06/EP01_01/img111.jpg,casme2/sub06/EP01_01/img136.jpg,casme2_sub06
casme2,sub06,EP02_31,2,99,131,148,casme2/sub06/EP02_31/img99.jpg,casme2/sub06/EP02_31/img131.jpg,casme2/sub06/EP02_31/img148.jpg,casme2_sub06
casme2,sub06,EP15_02,2,56,79,106,casme2/sub06/EP15_02/img56.jpg,casme2/sub06/EP15_02/img79.jpg,casme2/sub06/EP15_02/img106.jpg,casme2_sub06
casme2,sub06,EP16_05,0,94,114,151,casme2/sub06/EP16_05/img94.jpg,casme2/sub06/EP16_05/img114.jpg,casme2/sub06/EP16_05/img151.jpg,casme2_sub06
casme2,sub07,EP01_01,0,79,109,156,casme2/sub07/EP01_01/img79.jpg,casme2/sub07/EP01_01/img109.jpg,casme2/sub07/EP01_01/img156.jpg,casme2_sub07
casme2,sub07,EP06_02_01,0,11,66,91,casme2/sub07/EP06_02_01/img11.jpg,casme2/sub07/EP06_02_01/img66.jpg,casme2/sub07/EP06_02_01/img91.jpg,casme2_sub07
casme2,sub07,EP06_02_02,0,36,81,91,casme2/sub07/EP06_02_02/img36.jpg,casme2/sub07/EP06_02_02/img81.jpg,casme2/sub07/EP06_02_02/img91.jpg,casme2_sub07
casme2,sub07,EP08_02,0,141,174,191,casme2/sub07/EP08_02/img141.jpg,casme2/sub07/EP08_02/img174.jpg,casme2/sub07/EP08_02/img191.jpg,casme2_sub07
casme2,sub07,EP15_01,0,36,64,91,casme2/sub07/EP15_01/img36.jpg,casme2/sub07/EP15_01/img64.jpg,casme2/sub07/EP15_01/img91.jpg,casme2_sub07
casme2,sub08,EP13_01f,0,49,86,126,casme2/sub08/EP13_01f/img49.jpg,casme2/sub08/EP13_01f/img86.jpg,casme2/sub08/EP13_01f/img126.jpg,casme2_sub08
casme2,sub09,EP02_01f,1,21,74,91,casme2/sub09/EP02_01f/img21.jpg,casme2/sub09/EP02_01f/img74.jpg,casme2/sub09/EP02_01f/img91.jpg,casme2_sub09
casme2,sub09,EP05_05,1,46,84,96,casme2/sub09/EP05_05/img46.jpg,casme2/sub09/EP05_05/img84.jpg,casme2/sub09/EP05_05/img96.jpg,casme2_sub09
casme2,sub09,EP06_01f,0,66,144,186,casme2/sub09/EP06_01f/img66.jpg,casme2/sub09/EP06_01f/img144.jpg,casme2/sub09/EP06_01f/img186.jpg,casme2_sub09
casme2,sub09,EP06_02f,1,36,101,131,casme2/sub09/EP06_02f/img36.jpg,casme2/sub09/EP06_02f/img101.jpg,casme2/sub09/EP06_02f/img131.jpg,casme2_sub09
casme2,sub09,EP09_04,0,26,71,146,casme2/sub09/EP09_04/img26.jpg,casme2/sub09/EP09_04/img71.jpg,casme2/sub09/EP09_04/img146.jpg,casme2_sub09
casme2,sub09,EP09_05,0,26,81,111,casme2/sub09/EP09_05/img26.jpg,casme2/sub09/EP09_05/img81.jpg,casme2/sub09/EP09_05/img111.jpg,casme2_sub09
casme2,sub09,EP09f,1,26,64,86,casme2/sub09/EP09f/img26.jpg,casme2/sub09/EP09f/img64.jpg,casme2/sub09/EP09f/img86.jpg,casme2_sub09
casme2,sub09,EP13_01,0,31,74,121,casme2/sub09/EP13_01/img31.jpg,casme2/sub09/EP13_01/img74.jpg,casme2/sub09/EP13_01/img121.jpg,casme2_sub09
casme2,sub09,EP15_05,1,56,91,111,casme2/sub09/EP15_05/img56.jpg,casme2/sub09/EP15_05/img91.jpg,casme2/sub09/EP15_05/img111.jpg,casme2_sub09
casme2,sub09,EP17_08,0,6,41,76,casme2/sub09/EP17_08/img6.jpg,casme2/sub09/EP17_08/img41.jpg,casme2/sub09/EP17_08/img76.jpg,casme2_sub09
casme2,sub11,EP08_01f,0,96,121,146,casme2/sub11/EP08_01f/img96.jpg,casme2/sub11/EP08_01f/img121.jpg,casme2/sub11/EP08_01f/img146.jpg,casme2_sub11
casme2,sub11,EP13_02f,0,51,111,141,casme2/sub11/EP13_02f/img51.jpg,casme2/sub11/EP13_02f/img111.jpg,casme2/sub11/EP13_02f/img141.jpg,casme2_sub11
casme2,sub11,EP13_03f,0,6,49,81,casme2/sub11/EP13_03f/img6.jpg,casme2/sub11/EP13_03f/img49.jpg,casme2/sub11/EP13_03f/img81.jpg,casme2_sub11
casme2,sub11,EP13_05f,0,16,61,111,casme2/sub11/EP13_05f/img16.jpg,casme2/sub11/EP13_05f/img61.jpg,casme2/sub11/EP13_05f/img111.jpg,casme2_sub11
casme2,sub12,EP01_02,0,31,99,106,casme2/sub12/EP01_02/img31.jpg,casme2/sub12/EP01_02/img99.jpg,casme2/sub12/EP01_02/img106.jpg,casme2_sub12
casme2,sub12,EP02_05,2,41,61,140,casme2/sub12/EP02_05/img41.jpg,casme2/sub12/EP02_05/img61.jpg,casme2/sub12/EP02_05/img140.jpg,casme2_sub12
casme2,sub12,EP03_04,1,60,129,156,casme2/sub12/EP03_04/img60.jpg,casme2/sub12/EP03_04/img129.jpg,casme2/sub12/EP03_04/img156.jpg,casme2_sub12
casme2,sub12,EP04_16,0,36,56,135,casme2/sub12/EP04_16/img36.jpg,casme2/sub12/EP04_16/img56.jpg,casme2/sub12/EP04_16/img135.jpg,casme2_sub12
casme2,sub12,EP06_06,2,36,76,111,casme2/sub12/EP06_06/img36.jpg,casme2/sub12/EP06_06/img76.jpg,casme2/sub12/EP06_06/img111.jpg,casme2_sub12
casme2,sub12,EP08_01,2,46,81,106,casme2/sub12/EP08_01/img46.jpg,casme2/sub12/EP08_01/img81.jpg,casme2/sub12/EP08_01/img106.jpg,casme2_sub12
casme2,sub12,EP08_03,2,76,114,156,casme2/sub12/EP08_03/img76.jpg,casme2/sub12/EP08_03/img114.jpg,casme2/sub12/EP08_03/img156.jpg,casme2_sub12
casme2,sub12,EP08_07,1,111,134,186,casme2/sub12/EP08_07/img111.jpg,casme2/sub12/EP08_07/img134.jpg,casme2/sub12/EP08_07/img186.jpg,casme2_sub12
casme2,sub12,EP09_02,0,16,59,101,casme2/sub12/EP09_02/img16.jpg,casme2/sub12/EP09_02/img59.jpg,casme2/sub12/EP09_02/img101.jpg,casme2_sub12
casme2,sub12,EP09_06,0,66,111,111,casme2/sub12/EP09_06/img66.jpg,casme2/sub12/EP09_06/img111.jpg,casme2/sub12/EP09_06/img111.jpg,casme2_sub12
casme2,sub12,EP16_02,0,136,189,226,casme2/sub12/EP16_02/img136.jpg,casme2/sub12/EP16_02/img189.jpg,casme2/sub12/EP16_02/img226.jpg,casme2_sub12
casme2,sub13,EP03_01,1,31,86,111,casme2/sub13/EP03_01/img31.jpg,casme2/sub13/EP03_01/img86.jpg,casme2/sub13/EP03_01/img111.jpg,casme2_sub13
casme2,sub13,EP09_10,1,51,76,126,casme2/sub13/EP09_10/img51.jpg,casme2/sub13/EP09_10/img76.jpg,casme2/sub13/EP09_10/img126.jpg,casme2_sub13
casme2,sub14,EP09_03,1,6,29,41,casme2/sub14/EP09_03/img6.jpg,casme2/sub14/EP09_03/img29.jpg,casme2/sub14/EP09_03/img41.jpg,casme2_sub14
casme2,sub14,EP09_04,1,21,71,106,casme2/sub14/EP09_04/img21.jpg,casme2/sub14/EP09_04/img71.jpg,casme2/sub14/EP09_04/img106.jpg,casme2_sub14
casme2,sub14,EP09_06,1,11,59,91,casme2/sub14/EP09_06/img11.jpg,casme2/sub14/EP09_06/img59.jpg,casme2/sub14/EP09_06/img91.jpg,casme2_sub14
casme2,sub15,EP03_02,1,16,49,76,casme2/sub15/EP03_02/img16.jpg,casme2/sub15/EP03_02/img49.jpg,casme2/sub15/EP03_02/img76.jpg,casme2_sub15
casme2,sub15,EP04_02,2,21,46,111,casme2/sub15/EP04_02/img21.jpg,casme2/sub15/EP04_02/img46.jpg,casme2/sub15/EP04_02/img111.jpg,casme2_sub15
casme2,sub15,EP08_02,0,21,54,78,casme2/sub15/EP08_02/img21.jpg,casme2/sub15/EP08_02/img54.jpg,casme2/sub15/EP08_02/img78.jpg,casme2_sub15
casme2,sub16,EP01_05,1,66,106,156,casme2/sub16/EP01_05/img66.jpg,casme2/sub16/EP01_05/img106.jpg,casme2/sub16/EP01_05/img156.jpg,casme2_sub16
casme2,sub16,EP01_08,0,73,94,110,casme2/sub16/EP01_08/img73.jpg,casme2/sub16/EP01_08/img94.jpg,casme2/sub16/EP01_08/img110.jpg,casme2_sub16
casme2,sub16,EP04_02f,1,181,269,271,casme2/sub16/EP04_02f/img181.jpg,casme2/sub16/EP04_02f/img269.jpg,casme2/sub16/EP04_02f/img271.jpg,casme2_sub16
casme2,sub17,EP01_06,1,81,86,121,casme2/sub17/EP01_06/img81.jpg,casme2/sub17/EP01_06/img86.jpg,casme2/sub17/EP01_06/img121.jpg,casme2_sub17
casme2,sub17,EP01_13,2,76,134,166,casme2/sub17/EP01_13/img76.jpg,casme2/sub17/EP01_13/img134.jpg,casme2/sub17/EP01_13/img166.jpg,casme2_sub17
casme2,sub17,EP01_15,1,86,101,126,casme2/sub17/EP01_15/img86.jpg,casme2/sub17/EP01_15/img101.jpg,casme2/sub17/EP01_15/img126.jpg,casme2_sub17
casme2,sub17,EP02_01,0,91,119,136,casme2/sub17/EP02_01/img91.jpg,casme2/sub17/EP02_01/img119.jpg,casme2/sub17/EP02_01/img136.jpg,casme2_sub17
casme2,sub17,EP02_03,0,81,109,131,casme2/sub17/EP02_03/img81.jpg,casme2/sub17/EP02_03/img109.jpg,casme2/sub17/EP02_03/img131.jpg,casme2_sub17
casme2,sub17,EP02_11,0,161,181,210,casme2/sub17/EP02_11/img161.jpg,casme2/sub17/EP02_11/img181.jpg,casme2/sub17/EP02_11/img210.jpg,casme2_sub17
casme2,sub17,EP02_18f,0,91,134,181,casme2/sub17/EP02_18f/img91.jpg,casme2/sub17/EP02_18f/img134.jpg,casme2/sub17/EP02_18f/img181.jpg,casme2_sub17
casme2,sub17,EP03_02,0,118,139,161,casme2/sub17/EP03_02/img118.jpg,casme2/sub17/EP03_02/img139.jpg,casme2/sub17/EP03_02/img161.jpg,casme2_sub17
casme2,sub17,EP03_09,1,96,132,161,casme2/sub17/EP03_09/img96.jpg,casme2/sub17/EP03_09/img132.jpg,casme2/sub17/EP03_09/img161.jpg,casme2_sub17
casme2,sub17,EP05_02,1,25,91,121,casme2/sub17/EP05_02/img25.jpg,casme2/sub17/EP05_02/img91.jpg,casme2/sub17/EP05_02/img121.jpg,casme2_sub17
casme2,sub17,EP05_03,1,21,56,101,casme2/sub17/EP05_03/img21.jpg,casme2/sub17/EP05_03/img56.jpg,casme2/sub17/EP05_03/img101.jpg,casme2_sub17
casme2,sub17,EP05_03f,0,11,59,76,casme2/sub17/EP05_03f/img11.jpg,casme2/sub17/EP05_03f/img59.jpg,casme2/sub17/EP05_03f/img76.jpg,casme2_sub17
casme2,sub17,EP05_04,0,6,39,71,casme2/sub17/EP05_04/img6.jpg,casme2/sub17/EP05_04/img39.jpg,casme2/sub17/EP05_04/img71.jpg,casme2_sub17
casme2,sub17,EP05_09,0,121,144,196,casme2/sub17/EP05_09/img121.jpg,casme2/sub17/EP05_09/img144.jpg,casme2/sub17/EP05_09/img196.jpg,casme2_sub17
casme2,sub17,EP05_10,0,111,129,151,casme2/sub17/EP05_10/img111.jpg,casme2/sub17/EP05_10/img129.jpg,casme2/sub17/EP05_10/img151.jpg,casme2_sub17
casme2,sub17,EP06_04,0,71,91,161,casme2/sub17/EP06_04/img71.jpg,casme2/sub17/EP06_04/img91.jpg,casme2/sub17/EP06_04/img161.jpg,casme2_sub17
casme2,sub17,EP06_07,1,216,225,246,casme2/sub17/EP06_07/img216.jpg,casme2/sub17/EP06_07/img225.jpg,casme2/sub17/EP06_07/img246.jpg,casme2_sub17
casme2,sub17,EP06_08,0,156,194,231,casme2/sub17/EP06_08/img156.jpg,casme2/sub17/EP06_08/img194.jpg,casme2/sub17/EP06_08/img231.jpg,casme2_sub17
casme2,sub17,EP07_01,0,21,71,115,casme2/sub17/EP07_01/img21.jpg,casme2/sub17/EP07_01/img71.jpg,casme2/sub17/EP07_01/img115.jpg,casme2_sub17
casme2,sub17,EP08_02,0,21,66,88,casme2/sub17/EP08_02/img21.jpg,casme2/sub17/EP08_02/img66.jpg,casme2/sub17/EP08_02/img88.jpg,casme2_sub17
casme2,sub17,EP10_06,0,104,121,161,casme2/sub17/EP10_06/img104.jpg,casme2/sub17/EP10_06/img121.jpg,casme2/sub17/EP10_06/img161.jpg,casme2_sub17
casme2,sub17,EP11_01,0,9,31,53,casme2/sub17/EP11_01/img9.jpg,casme2/sub17/EP11_01/img31.jpg,casme2/sub17/EP11_01/img53.jpg,casme2_sub17
casme2,sub17,EP11_02,0,36,81,121,casme2/sub17/EP11_02/img36.jpg,casme2/sub17/EP11_02/img81.jpg,casme2/sub17/EP11_02/img121.jpg,casme2_sub17
casme2,sub17,EP12_03,0,131,156,184,casme2/sub17/EP12_03/img131.jpg,casme2/sub17/EP12_03/img156.jpg,casme2/sub17/EP12_03/img184.jpg,casme2_sub17
casme2,sub17,EP13_03,0,51,79,136,casme2/sub17/EP13_03/img51.jpg,casme2/sub17/EP13_03/img79.jpg,casme2/sub17/EP13_03/img136.jpg,casme2_sub17
casme2,sub17,EP13_04,0,86,104,121,casme2/sub17/EP13_04/img86.jpg,casme2/sub17/EP13_04/img104.jpg,casme2/sub17/EP13_04/img121.jpg,casme2_sub17
casme2,sub17,EP13_06,0,86,109,131,casme2/sub17/EP13_06/img86.jpg,casme2/sub17/EP13_06/img109.jpg,casme2/sub17/EP13_06/img131.jpg,casme2_sub17
casme2,sub17,EP13_09,1,6,46,101,casme2/sub17/EP13_09/img6.jpg,casme2/sub17/EP13_09/img46.jpg,casme2/sub17/EP13_09/img101.jpg,casme2_sub17
casme2,sub17,EP15_04,0,109,131,185,casme2/sub17/EP15_04/img109.jpg,casme2/sub17/EP15_04/img131.jpg,casme2/sub17/EP15_04/img185.jpg,casme2_sub17
casme2,sub17,EP16_01f,0,8,29,71,casme2/sub17/EP16_01f/img8.jpg,casme2/sub17/EP16_01f/img29.jpg,casme2/sub17/EP16_01f/img71.jpg,casme2_sub17
casme2,sub17,EP18_07,0,36,69,103,casme2/sub17/EP18_07/img36.jpg,casme2/sub17/EP18_07/img69.jpg,casme2/sub17/EP18_07/img103.jpg,casme2_sub17
casme2,sub19,EP01_01f,1,121,189,220,casme2/sub19/EP01_01f/img121.jpg,casme2/sub19/EP01_01f/img189.jpg,casme2/sub19/EP01_01f/img220.jpg,casme2_sub19
casme2,sub19,EP01_02f,1,36,61,127,casme2/sub19/EP01_02f/img36.jpg,casme2/sub19/EP01_02f/img61.jpg,casme2/sub19/EP01_02f/img127.jpg,casme2_sub19
casme2,sub19,EP02_01,2,91,119,151,casme2/sub19/EP02_01/img91.jpg,casme2/sub19/EP02_01/img119.jpg,casme2/sub19/EP02_01/img151.jpg,casme2_sub19
casme2,sub19,EP06_01f,2,146,174,201,casme2/sub19/EP06_01f/img146.jpg,casme2/sub19/EP06_01f/img174.jpg,casme2/sub19/EP06_01f/img201.jpg,casme2_sub19
casme2,sub19,EP08_02,1,76,119,155,casme2/sub19/EP08_02/img76.jpg,casme2/sub19/EP08_02/img119.jpg,casme2/sub19/EP08_02/img155.jpg,casme2_sub19
casme2,sub19,EP11_04f,2,76,96,131,casme2/sub19/EP11_04f/img76.jpg,casme2/sub19/EP11_04f/img96.jpg,casme2/sub19/EP11_04f/img131.jpg,casme2_sub19
casme2,sub19,EP13_01,0,71,104,156,casme2/sub19/EP13_01/img71.jpg,casme2/sub19/EP13_01/img104.jpg,casme2/sub19/EP13_01/img156.jpg,casme2_sub19
casme2,sub19,EP16_01,0,86,109,136,casme2/sub19/EP16_01/img86.jpg,casme2/sub19/EP16_01/img109.jpg,casme2/sub19/EP16_01/img136.jpg,casme2_sub19
casme2,sub19,EP16_02,0,61,79,101,casme2/sub19/EP16_02/img61.jpg,casme2/sub19/EP16_02/img79.jpg,casme2/sub19/EP16_02/img101.jpg,casme2_sub19
casme2,sub19,EP19_02,2,106,129,151,casme2/sub19/EP19_02/img106.jpg,casme2/sub19/EP19_02/img129.jpg,casme2/sub19/EP19_02/img151.jpg,casme2_sub19
casme2,sub19,EP19_03,2,61,91,116,casme2/sub19/EP19_03/img61.jpg,casme2/sub19/EP19_03/img91.jpg,casme2/sub19/EP19_03/img116.jpg,casme2_sub19
casme2,sub20,EP01_03,0,76,101,126,casme2/sub20/EP01_03/img76.jpg,casme2/sub20/EP01_03/img101.jpg,casme2/sub20/EP01_03/img126.jpg,casme2_sub20
casme2,sub20,EP06_03,0,31,49,61,casme2/sub20/EP06_03/img31.jpg,casme2/sub20/EP06_03/img49.jpg,casme2/sub20/EP06_03/img61.jpg,casme2_sub20
casme2,sub21,EP05_02,0,111,141,206,casme2/sub21/EP05_02/img111.jpg,casme2/sub21/EP05_02/img141.jpg,casme2/sub21/EP05_02/img206.jpg,casme2_sub21
casme2,sub22,EP01_12,0,50,119,146,casme2/sub22/EP01_12/img50.jpg,casme2/sub22/EP01_12/img119.jpg,casme2/sub22/EP01_12/img146.jpg,casme2_sub22
casme2,sub22,EP13_08,0,151,216,256,casme2/sub22/EP13_08/img151.jpg,casme2/sub22/EP13_08/img216.jpg,casme2/sub22/EP13_08/img256.jpg,casme2_sub22
casme2,sub23,EP02_01,1,36,86,130,casme2/sub23/EP02_01/img36.jpg,casme2/sub23/EP02_01/img86.jpg,casme2/sub23/EP02_01/img130.jpg,casme2_sub23
casme2,sub23,EP03_14f,0,51,91,111,casme2/sub23/EP03_14f/img51.jpg,casme2/sub23/EP03_14f/img91.jpg,casme2/sub23/EP03_14f/img111.jpg,casme2_sub23
casme2,sub23,EP04_03f,0,16,91,115,casme2/sub23/EP04_03f/img16.jpg,casme2/sub23/EP04_03f/img91.jpg,casme2/sub23/EP04_03f/img115.jpg,casme2_sub23
casme2,sub23,EP05_24f,0,106,141,171,casme2/sub23/EP05_24f/img106.jpg,casme2/sub23/EP05_24f/img141.jpg,casme2/sub23/EP05_24f/img171.jpg,casme2_sub23
casme2,sub23,EP05_25f,0,51,86,131,casme2/sub23/EP05_25f/img51.jpg,casme2/sub23/EP05_25f/img86.jpg,casme2/sub23/EP05_25f/img131.jpg,casme2_sub23
casme2,sub23,EP12_02f,0,46,84,130,casme2/sub23/EP12_02f/img46.jpg,casme2/sub23/EP12_02f/img84.jpg,casme2/sub23/EP12_02f/img130.jpg,casme2_sub23
casme2,sub23,EP12_03,0,86,129,161,casme2/sub23/EP12_03/img86.jpg,casme2/sub23/EP12_03/img129.jpg,casme2/sub23/EP12_03/img161.jpg,casme2_sub23
casme2,sub23,EP13_04,0,21,41,86,casme2/sub23/EP13_04/img21.jpg,casme2/sub23/EP13_04/img41.jpg,casme2/sub23/EP13_04/img86.jpg,casme2_sub23
casme2,sub24,EP01_08,0,33,69,131,casme2/sub24/EP01_08/img33.jpg,casme2/sub24/EP01_08/img69.jpg,casme2/sub24/EP01_08/img131.jpg,casme2_sub24
casme2,sub24,EP02_02f,0,71,94,106,casme2/sub24/EP02_02f/img71.jpg,casme2/sub24/EP02_02f/img94.jpg,casme2/sub24/EP02_02f/img106.jpg,casme2_sub24
casme2,sub24,EP18_03,2,53,76,88,casme2/sub24/EP18_03/img53.jpg,casme2/sub24/EP18_03/img76.jpg,casme2/sub24/EP18_03/img88.jpg,casme2_sub24
casme2,sub25,EP09_02,0,76,101,111,casme2/sub25/EP09_02/img76.jpg,casme2/sub25/EP09_02/img101.jpg,casme2/sub25/EP09_02/img111.jpg,casme2_sub25
casme2,sub25,EP10_01,0,101,129,176,casme2/sub25/EP10_01/img101.jpg,casme2/sub25/EP10_01/img129.jpg,casme2/sub25/EP10_01/img176.jpg,casme2_sub25
casme2,sub25,EP10_10,2,61,91,158,casme2/sub25/EP10_10/img61.jpg,casme2/sub25/EP10_10/img91.jpg,casme2/sub25/EP10_10/img158.jpg,casme2_sub25
casme2,sub25,EP12_01,2,131,151,186,casme2/sub25/EP12_01/img131.jpg,casme2/sub25/EP12_01/img151.jpg,casme2/sub25/EP12_01/img186.jpg,casme2_sub25
casme2,sub25,EP18_04f,0,76,116,116,casme2/sub25/EP18_04f/img76.jpg,casme2/sub25/EP18_04f/img116.jpg,casme2/sub25/EP18_04f/img116.jpg,casme2_sub25
casme2,sub26,EP03_10,1,116,149,201,casme2/sub26/EP03_10/img116.jpg,casme2/sub26/EP03_10/img149.jpg,casme2/sub26/EP03_10/img201.jpg,casme2_sub26
casme2,sub26,EP09_04,0,31,56,91,casme2/sub26/EP09_04/img31.jpg,casme2/sub26/EP09_04/img56.jpg,casme2/sub26/EP09_04/img91.jpg,casme2_sub26
casme2,sub26,EP09_09,0,46,76,101,casme2/sub26/EP09_09/img46.jpg,casme2/sub26/EP09_09/img76.jpg,casme2/sub26/EP09_09/img101.jpg,casme2_sub26
casme2,sub26,EP13_02,1,32,54,116,casme2/sub26/EP13_02/img32.jpg,casme2/sub26/EP13_02/img54.jpg,casme2/sub26/EP13_02/img116.jpg,casme2_sub26
casme2,sub26,EP13_11,0,20,59,101,casme2/sub26/EP13_11/img20.jpg,casme2/sub26/EP13_11/img59.jpg,casme2/sub26/EP13_11/img101.jpg,casme2_sub26
casme2,sub26,EP16_01,0,26,54,76,casme2/sub26/EP16_01/img26.jpg,casme2/sub26/EP16_01/img54.jpg,casme2/sub26/EP16_01/img76.jpg,casme2_sub26
casme2,sub26,EP18_44,0,11,36,71,casme2/sub26/EP18_44/img11.jpg,casme2/sub26/EP18_44/img36.jpg,casme2/sub26/EP18_44/img71.jpg,casme2_sub26
casme2,sub26,EP18_47,0,6,49,86,casme2/sub26/EP18_47/img6.jpg,casme2/sub26/EP18_47/img49.jpg,casme2/sub26/EP18_47/img86.jpg,casme2_sub26
casme2,sub26,EP18_49,0,16,54,80,casme2/sub26/EP18_49/img16.jpg,casme2/sub26/EP18_49/img54.jpg,casme2/sub26/EP18_49/img80.jpg,casme2_sub26
casme2,sub26,EP18_50,0,78,99,161,casme2/sub26/EP18_50/img78.jpg,casme2/sub26/EP18_50/img99.jpg,casme2/sub26/EP18_50/img161.jpg,casme2_sub26
casme2,sub26,EP18_51,0,21,64,81,casme2/sub26/EP18_51/img21.jpg,casme2/sub26/EP18_51/img64.jpg,casme2/sub26/EP18_51/img81.jpg,casme2_sub26
